No.,캠퍼스,과목명,개설학과,대표강사,강의실 / 강의시간
1,서울,4차산업혁명과특허,대학(전체),오세훈,"310관 B501호 <대형강의실> 화10,11"
2,서울,4차산업혁명시대의기업경영,대학(전체),박정수,"310관 B603호 <대형강의실> 월7,8,9"
3,서울,4차산업혁명시대의기업경영,대학(전체),박정수,"310관 B601호(화4,5,6)"
4,서울,4차산업혁명시대의기업경영,대학(전체),이재열,"310관 B602호 <대형강의실> 화7,8,9"
5,서울,4차산업혁명시대의기업경영,대학(전체),박정수,"310관 B602호 <대형강의실> 수4,5,6"
6,서울,4차산업혁명시대의기업경영,대학(전체),이재열,"310관 B601호 <대형강의실> 목7,8,9"
7,서울,4차산업혁명시대의기업경영,대학(전체),이재열,"310관 B502호 <대형강의실> 금4,5,6"
8,서울,ACT,대학(전체),김재경,"310관 718호 <강의실> 월3,4"
9,서울,ACT,대학(전체),최민지,"310관 718호 <강의실> 월5,6"
10,서울,ACT,대학(전체),최민지,"310관 718호 <강의실> 월7,8"
11,서울,ACT,대학(전체),김재경,"310관 718호 <강의실> 화3,4"
12,서울,ACT,대학(전체),김책,"310관 801호 <강의실> 화3,4"
13,서울,ACT,대학(전체),김책,"310관 503호 <강의실> 화5,6"
14,서울,ACT,대학(전체),김재경,"310관 718호 <강의실> 화5,6"
15,서울,ACT,대학(전체),도선재,"310관 718호 <강의실> 화7,8"
16,서울,ACT,대학(전체),도선재,"310관 718호 <강의실> 수1,2"
17,서울,ACT,대학(전체),도선재,"310관 718호 <강의실> 수3,4"
18,서울,ACT,대학(전체),이대영,"310관 718호 <강의실> 수6,7"
19,서울,ACT,대학(전체),이대영,"310관 718호 <강의실> 수8,9"
20,서울,ACT,대학(전체),허연정,"310관 718호 <강의실> 목1,2"
21,서울,ACT,대학(전체),허연정,"310관 718호 <강의실> 목3,4"
22,서울,ACT,대학(전체),최민지,"310관 718호 <강의실> 목5,6"
23,서울,ACT,대학(전체),최민지,"310관 718호 <강의실> 목7,8"
24,서울,ACT,대학(전체),김재경,"310관 718호 <강의실> 금3,4"
25,서울,ACT,대학(전체),도선재,"310관 718호 <강의실> 토1,2"
26,서울,ACT,대학(전체),도선재,"310관 718호 <강의실> 토3,4"
27,서울,ACT,대학(전체),허연정,"310관 804호 <강의실> 토3,4"
28,서울,ACT,대학(전체),김스완,"310관 819호 <강의실> 목5,6"
29,서울,ACT,대학(전체),김재경,"310관 718호 <강의실> 금5,6"
30,서울,ARTS OF KOREA,대학(전체),윤병희,"310관 705호 (화4,5,6)"
31,서울,BUSINESS COMMUNICATIONS(1),경영경제대학경영학부(서울),신정원,"310관 513호 <강의실> 수7,8,9"
32,서울,BUSINESS COMMUNICATIONS(1),경영경제대학경영학부(서울),신정원,"310관 721호 <강의실> 월7,8,9"
33,서울,BUSINESS COMMUNICATIONS(1),경영경제대학경영학부(서울),갈라스,"310관 801호 <강의실> 수1,2,3"
34,서울,Behavioral Finance,경영전문대학원Global MBA,여은정,310관 901호 <첨단강의실> 월(13:30~14:45) / 수(13:30~14:45)
35,서울,CAU CAMPUS CEO,대학(전체),김원용,"310관 726호 <강의실> 목7,8,9"
36,서울,CAU세미나,창의ICT공과대학전자전기공학부,백광현,310관 613호 (화10)
37,서울,CAU세미나,소프트웨어대학소프트웨어학부,김효수,310관 613호 <강의실> 월9
38,서울,CAU세미나,창의ICT공과대학융합공학부,유승민,310관 729호 <강의실> 수6
39,서울,CAU세미나,공과대학사회기반시스템공학부,전창현,310관 414호 <강의실> 목10
40,서울,CAU세미나,소프트웨어대학소프트웨어학부,김은우,310관 613호 <강의실> 목9
41,서울,CAU세미나,창의ICT공과대학전자전기공학부,정진곤,310관 B502호 <대형강의실> 화10
42,서울,CAU세미나,경영경제대학산업보안학과,이재우,310관 603호 <강의실> 화10
43,서울,CAU세미나(1),경영경제대학경제학부(서울),허식,310관 925호 <강의실> 화10
44,서울,CAU세미나(1),공과대학건축학부,이차돈,310관 523호 <강의실> 금5
45,서울,CAU세미나(1),공과대학에너지시스템 공학부,김신,310관 419호 <강의실> 화9
46,서울,CAU세미나(1),경영경제대학국제물류 학과,폴린라이,310관 602호 <강의실> 목4
47,서울,CAU세미나(1),경영경제대학경영학부(서울),송수영,310관 928호 <강의실> 월10
48,서울,CAU세미나(1),경영경제대학경영학부(서울),이관영,310관 310호 <강의실> 월4
49,서울,CAU세미나(1),경영경제대학광고홍보학과,이명천,310관 932호 <강의실> 수10
50,서울,CAU세미나(1),경영경제대학응용통계학과,황범석,310관 601호 <강의실> 수3
51,서울,CAU세미나(1),공과대학기계공학부,김석민,310관 530호 <김석민> 금9
52,서울,CAU세미나(1),공과대학건축학부,윤승현,310관 523호 <강의실> 금3
53,서울,CAU세미나(1),경영경제대학국제물류 학과,박근식,310관 602호 <강의실> 화4
54,서울,CAU세미나(1),경영경제대학경영학부(서울),허석균,310관 922호 <강의실> 월4
55,서울,CAU세미나(1),경영경제대학광고홍보학과,성민정,310관 601호 <강의실> 월4
56,서울,CAU세미나(1),경영경제대학응용통계학과,임예지,310관 601호 <강의실> 월2
57,서울,CAU세미나(1),공과대학에너지시스템 공학부,김동억,310관 420호 <강의실> 화9
58,서울,CAU세미나(1),공과대학기계공학부,김태형,310관 536호 <김태형> 금9
59,서울,CAU세미나(1),경영경제대학경제학부(서울),안일태,310관 702호 <강의실> 수10
60,서울,CAU세미나(1),경영경제대학경영학부(서울),임병하,310관 802호 <강의실> 화4
61,서울,CAU세미나(1),경영경제대학광고홍보학과,김정현,310관 932호 <강의실> 월9
62,서울,CAU세미나(1),경영경제대학응용통계학과,곽일엽,310관 601호 <강의실> 월3
63,서울,CAU세미나(1),공과대학건축학부,황세원,310관 521호 <강의실> 금3
64,서울,CAU세미나(1),공과대학에너지시스템 공학부,김문겸,310관 518호 <강의실> 화9
65,서울,CAU세미나(1),공과대학기계공학부,신영의,310관 440호 <신영의> 금9
66,서울,CAU세미나(1),경영경제대학경제학부(서울),이광훈,310관 603호 <강의실> 월10
67,서울,CAU세미나(1),경영경제대학경영학부(서울),김현철,310관 701호 <강의실> 화4
68,서울,CAU세미나(1),공과대학기계공학부,오세훈,310관 429호 <오세훈> 금9
69,서울,CAU세미나(1),경영경제대학경제학부(서울),이상규,310관 503호 <강의실> 월10
70,서울,CAU세미나(1),공과대학에너지시스템 공학부,강동원,310관 421호 <강의실> 화9
71,서울,CAU세미나(1),공과대학기계공학부,윤기봉,310관 541호 <윤기봉> 금9
72,서울,CAU세미나(1),경영경제대학경제학부(서울),류덕현,310관 921호 <강의실> 월10
73,서울,CAU세미나(1),경영경제대학경영학부(서울),전병준,310관 502호 <강의실> 금4
74,서울,CAU세미나(1),경영경제대학경제학부(서울),송원호,310관 703호 <강의실> 수10
75,서울,CAU세미나(1),공과대학에너지시스템 공학부,오기용,310관 422호 <강의실> 화10
76,서울,CAU세미나(1),공과대학기계공학부,이상민,310관 532호 <이상민> 금9
77,서울,CAU세미나(1),경영경제대학경영학부(서울),김효선,310관 502호 <강의실> 수10
78,서울,CAU세미나(1),경영경제대학경제학부(서울),김배근,310관 932호 <강의실> 화10
79,서울,CAU세미나(1),경영경제대학경영학부(서울),한주희,310관 603호 <강의실> 화4
80,서울,CAU세미나(1),공과대학에너지시스템 공학부,신종원,310관 519호 <강의실> 화9
81,서울,CAU세미나(1),경영경제대학경제학부(서울),최용옥,310관 701호 <강의실> 수10
82,서울,CAU세미나(1),경영경제대학경영학부(서울),차운아,310관 921호 <강의실> 월4
83,서울,CAU세미나(1),경영경제대학경영학부(서울),최창범,310관 932호 <강의실> 금4
84,서울,CAU세미나(1),경영경제대학경제학부(서울),정혁,310관 928호 <강의실> 목10
85,서울,CAU세미나(1),공과대학기계공학부,이형순,310관 427호 <이형순> 금9
86,서울,CAU세미나(1),경영경제대학경제학부(서울),이수련,310관 702호 <강의실> 화10
87,서울,CAU세미나(1),경영경제대학경영학부(서울),안병석,310관 513호 <강의실> 수6
88,서울,CAU세미나(1),경영경제대학경영학부(서울),남인우,310관 503호 <강의실> 목4
89,서울,CAU세미나(1),공과대학기계공학부,최해진,310관 539호 <최해진> 금9
90,서울,CAU세미나(1),경영경제대학경영학부(서울),최인혁,310관 503호 <강의실> 금10
91,서울,CAU세미나(1),경영경제대학경영학부(서울),황금주,310관 502호 <강의실> 목10
92,서울,CAU세미나(1),공과대학기계공학부,조민행,310관 537호 <조민행> 금9
93,서울,CAU세미나(1),경영경제대학경영학부(서울),안대용,310관 802호 <강의실> 화10
94,서울,CAU세미나(1),경영경제대학경영학부(서울),한승희,310관 502호 <강의실> 월10
95,서울,CAU세미나(1),경영경제대학경영학부(서울),황인태,310관 928호 <강의실> 수10
96,서울,CAU세미나(1),경영경제대학경영학부(서울),이종건,310관 932호 <강의실> 목10
97,서울,CAU세미나(1),경영경제대학경영학부(서울),박찬희,310관 928호 <강의실> 금10
98,서울,CAU세미나(1),경영경제대학경영학부(서울),박해철,310관 927호 <강의실> 월4
99,서울,CJ 대한통운 물류비즈니스(1),경영경제대학국제물류 학과,이길호,"310관 611호 <강의실> 수7,8,9"
100,서울,CORPORATE FINANCE,경영전문대학원Global MBA,정준영,310관 902호 <첨단강의실> 월(15:00~16:15) / 월(16:30~17:45)
101,서울,DEBATE IN BUSINESS,경영경제대학경영학부(서울),갈라스,"310관 305호 <강의실> 월5,6"
102,서울,DEBATE IN BUSINESS,경영경제대학경영학부(서울),갈라스,"310관 513호 <강의실> 월7,8"
103,서울,DEBATE IN BUSINESS,경영경제대학경영학부(서울),갈라스,"310관 819호 <강의실> 화5,6"
104,서울,DEBATE IN BUSINESS,경영경제대학경영학부(서울),갈라스,"310관 819호 <강의실> 화7,8"
105,서울,DEBATE IN BUSINESS,경영경제대학경영학부(서울),갈라스,"310관 804호 <강의실> 수5,6"
106,서울,DEBATE IN BUSINESS,경영경제대학경영학부(서울),갈라스,"310관 722호 <강의실> 수7,8"
107,서울,DEBATE IN BUSINESS,경영경제대학경영학부(서울),갈라스,"310관 803호 <강의실> 목5,6"
108,서울,DEBATE IN BUSINESS,경영경제대학경영학부(서울),갈라스,"310관 802호 <강의실> 목1,2"
109,서울,DEBATE IN BUSINESS,경영경제대학경영학부(서울),갈라스,"310관 803호 <강의실> 목7,8"
110,서울,DEBATE IN BUSINESS,경영경제대학경영학부(서울),갈라스,"310관 802호 <강의실> 화1,2"
111,서울,Data Analysis & Decision Making,경영전문대학원Global MBA,이승준,310관 902호 <첨단강의실> 수(10:30~11:45) / 수(12:00~13:15)
112,서울,Effective Communication,경영경제대학지식경영학부,허준영,"310관 305호 <강의실> 수11,12,13"
113,서울,Effective Communication,경영경제대학지식경영학부,조희정,"310관 611호 <강의실> 월11,12,13"
114,서울,Effective Communication,경영경제대학지식경영학부,조희정,"310관 505호 <강의실> 수11,12,13"
115,서울,Effective Communication,경영경제대학지식경영학부,임동진,"310관 611호 <강의실> 금11,12,13"
116,서울,FIXED INCOME SECURITIES,경영경제대학경영학부(서울),김동현,310관 921호 <강의실> 화(13:30~14:45) / 목(13:30~14:45)
117,서울,FIXED INCOME SECURITIES,경영경제대학경영학부(서울),김동현,310관 921호 <강의실> 화(15:00~16:15) / 목(15:00~16:15)
118,서울,FTA와 글로벌가치사슬전략,경영경제대학국제물류 학과,신호근,"310관 305호 <강의실> 금1,2,3"
119,서울,GF 참세미나(2),경영경제대학경영학부(서울),설홍기,310관 926호 <강의실> 화4
120,서울,GF 참세미나(4),경영경제대학경영학부(서울),김동현,310관 925호 <강의실> 목4
121,서울,ICT와 경영,창의ICT공과대학융합교양학부,한진영,"310관 620호 <강의실> 목7,8"
122,서울,IT 비즈니스 창업,경영전문대학원CAU-Leader MBA,최명길,310관 901호 <첨단강의실> 토(09:00~10:15) / 토(10:30~11:45)
123,서울,IT개론,소프트웨어대학소프트웨어학부,김명호,"310관 726호 <강의실> 수9,10,11"
124,서울,IT인프라보안,보안대학원산업융합보안학과,이재우,310관 801호 <강의실> 토(13:00~14:20)
125,서울,MEMS개론,공과대학기계공학부,김종민,"310관 312호 <강의실> 월2 / 수1,2"
126,서울,MEMS개론,공과대학기계공학부,신영의,"310관 519호 <강의실> 월2 / 수1,2"
127,서울,Marketing,경영전문대학원Global MBA,서현석,310관 903호 <첨단강의실> 수(15:00~16:15) / 수(16:30~17:45)
128,서울,ProjectX 기초설계,창의ICT공과대학융합공학부,임영훈,"310관 730호 <강의실> 목6,7,8,9"
129,서울,SCM과 오퍼레이션혁신,경영전문대학원CAU-Leader MBA,박정수,310관 902호 <첨단강의실> 토(12:00~13:15) / 토(13:30~14:45)
130,서울,SOCIOLOGY OF KOREA,대학(전체),윤병희,"310관 B603호 <대형강의실> 금4,5,6"
131,서울,SW 프로그래밍Ⅱ,경영경제대학산업보안학과,신동천,"310관 512호  화5,6 / 목4,5,6"
132,서울,SW커리어세미나(1),소프트웨어대학소프트웨어학부,강윤정,310관 622호 <강의실> 월6
133,서울,Strategic Management,경영전문대학원Global MBA,이시영,310관 904호 <첨단강의실> 화(15:00~16:15) / 화(16:30~17:45)
134,서울,VALUATION-THEORY & PRACTICE,경영전문대학원Global MBA,박수연,310관 902호 <첨단강의실> 목(13:30~14:45) / 목(15:00~16:15)
135,서울,VARIABLE TOPICS IN KOREAN CULTURE,대학(전체),이성호,"310관 B603호 <대형강의실> 목7,8,9"
136,서울,VR로 구현하는 공감,창의ICT공과대학융합교양학부,이현정,"310관 726호 <강의실> 목5,6"
137,서울,e비즈니스,경영경제대학경영학부(서울),이다니엘,310관 704호 <강의실> 화(12:00~13:15) / 목(12:00~13:15)
138,서울,e비즈니스,경영경제대학경영학부(서울),이다니엘,310관 603호 <강의실> 화(13:30~14:45) / 목(13:30~14:45)
139,서울,강구조설계,공과대학사회기반시스템공학부,장경호,"207관(봅스트홀) 504호 <건설환경공학 컴퓨터실습실> / 310관 417호 <강의실> 목3,5,6,7 / 목8,9"
140,서울,개인정보 활용과 보호,대학원융합보안학과,이기혁,"310관 512호  목11,12,13"
141,서울,거시경제론,경영경제대학경영학부(서울),허석균,"310관 818호 <강의실> 목4,5,6"
142,서울,건강한삶,대학(전체),정병욱,"310관 B601호 <대형강의실> 수7,8,9"
143,서울,건강한삶,대학(전체),이무열,"310관 921호 <강의실> 토6,7,8"
144,서울,건설계획및시공,공과대학사회기반시스템공학부,김경주,"310관 422호 <강의실> 화3 / 목3,4"
145,서울,건설계획및시공,공과대학사회기반시스템공학부,김경주,"310관 321호 <강의실> 화5,6 / 목6"
146,서울,건설관리의이해,공과대학건축학부,양동종,"310관 523호 <강의실> 월7,8,9"
147,서울,건설플랜트설계입문,공과대학사회기반시스템공학부,조성호,"310관 418호 <강의실> 목3,5,6"
148,서울,건축공간론,공과대학건축학부,최윤경,"208관(제2공학관) 101호 <강의실> / 310관 523호 <강의실> 수3 / 월3,4"
149,서울,건축공학설계입문,공과대학건축학부,김창완,"310관 521호 <강의실> 목5,6,7,8,9,10"
150,서울,건축시스템설계,공과대학건축학부,이은택,"310관 422호 <강의실> 월7,8,9"
151,서울,건축시스템설계,공과대학건축학부,박진철,"310관 422호 <강의실> 수1,2,3"
152,서울,건축심리와행태,공과대학건축학부,윤승현,"310관 521호 <강의실> 목1,2,3"
153,서울,건축의이해,공과대학건축학부,황세원,"310관 521호 <강의실> 수1,2,3"
154,서울,게임아트와 내러티브,창의ICT공과대학융합교양학부,이민하,"310관 620호 <강의실> 월5,6"
155,서울,결혼과가족,대학(전체),김예리,"310관 620호 <강의실> 금5,6"
156,서울,결혼과가족,대학(전체),김예리,"310관 620호 <강의실> 금7,8"
157,서울,경영경제 소프트웨어 프로그래밍,경영경제대학경영학부(서울),최명길,310관 809호 <컴퓨터실습실-3> 화(10:30~11:45) / 목(10:30~11:45)
158,서울,경영경제 소프트웨어 프로그래밍,경영경제대학경영학부(서울),남호헌,"310관 607호 <컴퓨터실습실-1> 화1,2,3"
159,서울,경영경제 소프트웨어 프로그래밍,경영경제대학경영학부(서울),신종섭,"310관 717호 <컴퓨터실습실-2> 수4,5,6"
160,서울,경영경제 소프트웨어 프로그래밍,경영경제대학경영학부(서울),서동욱,"310관 607호 <컴퓨터실습실-1> 수4,5,6"
161,서울,경영경제 소프트웨어 프로그래밍,경영경제대학경영학부(서울),서동욱,"310관 607호 <컴퓨터실습실-1> 수7,8,9"
162,서울,경영경제 소프트웨어 프로그래밍,경영경제대학경영학부(서울),배진,"310관 501호 <광고홍보학과 실습실> 목4,5,6"
163,서울,경영경제 소프트웨어 프로그래밍,경영경제대학경영학부(서울),배진,"310관 717호 <컴퓨터실습실-2> 목7,8,9"
164,서울,경영경제 소프트웨어 프로그래밍,경영경제대학경영학부(서울),김정훈,"310관 501호 <광고홍보학과 실습실> 목7,8,9"
165,서울,경영경제학을 위한 매트랩 프로그래밍,경영경제대학경제학부(서울),최용옥,310관 607호 <컴퓨터실습실-1> 월(09:00~10:15) / 수(09:00~10:15)
166,서울,경영과학,경영경제대학경영학부(서울),안병석,310관 926호 <강의실> 월(12:00~13:15) / 수(12:00~13:15)
167,서울,경영과학,경영경제대학경영학부(서울),박세권,310관 611호 <강의실> 화(09:00~10:15) / 목(09:00~10:15)
168,서울,경영과학,경영경제대학경영학부(서울),손지윤,310관 928호 <강의실> 화(10:30~11:45) / 목(10:30~11:45)
169,서울,경영과학,경영경제대학경영학부(서울),윤지호,310관 612호 <강의실> 화(13:30~14:45) / 목(13:30~14:45)
170,서울,경영과학,경영경제대학경영학부(서울),박해철,310관 928호 <강의실> 월(10:30~11:45) / 수(10:30~11:45)
171,서울,경영과학,경영경제대학경영학부(서울),이승준,310관 804호 <강의실> 화(13:30~14:45) / 목(13:30~14:45)
172,서울,경영사례분석및개발Ⅰ,경영경제대학지식경영학부,임성준,"310관 920호 <강의실> 화11,12,13"
173,서울,경영사례분석및개발Ⅰ,경영경제대학지식경영학부,이한희,"310관 721호 <강의실> 월11,12,13"
174,서울,경영사례분석및개발Ⅰ,경영경제대학지식경영학부,남호헌,"310관 305호 <강의실> 목11,12,13"
175,서울,경영사례분석및개발Ⅰ,경영경제대학지식경영학부,박응석,"310관 310호 <강의실> 토1,2,3"
176,서울,경영사례연구,경영전문대학원CAU-Leader MBA,임병하,310관 901호 <첨단강의실> 화(19:00~20:15) / 화(20:30~21:45)
177,서울,경영의사결정 실습,창의ICT공과대학융합교양학부,한진영,"310관 717호 <컴퓨터실습실-2> 화3,4"
178,서울,경영전략,경영전문대학원CAU-Leader MBA,박찬희,310관 904호 <첨단강의실> 금(19:00~20:15) / 금(20:30~21:45)
179,서울,경영전략(캡스톤디자인),경영경제대학경영학부(서울),이시영,310관 513호 <강의실> 화(13:30~14:45) / 목(13:30~14:45)
180,서울,경영전략(캡스톤디자인),경영경제대학경영학부(서울),임성준,310관 926호 <강의실> 월(10:30~11:45) / 수(10:30~11:45)
181,서울,경영전략(캡스톤디자인),경영경제대학경영학부(서울),박찬희,"310관 505호 <강의실> 금1,2,3"
182,서울,경영전략(캡스톤디자인),경영경제대학경영학부(서울),이경재,"310관 505호 <강의실> 금7,8,9"
183,서울,경영전략(캡스톤디자인),경영경제대학경영학부(서울),최창범,"310관 605호 <강의실> 금1,2,3"
184,서울,경영전략(캡스톤디자인),경영경제대학경영학부(서울),이경재,"310관 605호 <강의실> 월1,2,3"
185,서울,경영정보시스템,경영경제대학지식경영학부,임병하,"310관 802호 <강의실> 수11,12,13"
186,서울,경영정보시스템,경영경제대학지식경영학부,김태하,"310관 505호 <강의실> 금11,12,13"
187,서울,경영정보시스템,경영경제대학지식경영학부,홍성완,"310관 605호 <강의실> 토5,6,7"
188,서울,경영정보시스템,경영경제대학지식경영학부,김성근,"310관 310호 <강의실> 월11,12,13"
189,서울,경영정보시스템,경영경제대학경영학부(서울),임병하,310관 802호 <강의실> 월(13:30~14:45) / 수(13:30~14:45)
190,서울,경영정보시스템,경영경제대학경영학부(서울),임병하,310관 802호 <강의실> 월(15:00~16:15) / 수(15:00~16:15)
191,서울,경영정보시스템,경영경제대학경영학부(서울),홍일유,310관 801호 <강의실> 월(13:30~14:45) / 수(13:30~14:45)
192,서울,경영정보시스템,경영경제대학경영학부(서울),홍일유,310관 801호 <강의실> 월(15:00~16:15) / 수(15:00~16:15)
193,서울,경영정보시스템,경영전문대학원CAU-Leader MBA,임병하,310관 901호 <첨단강의실> 목(19:00~20:15) / 목(20:30~21:45)
194,서울,경영통계학,경영경제대학경영학부(서울),박세권,310관 611호 <강의실> 화(10:30~11:45) / 목(10:30~11:45)
195,서울,경영통계학,경영경제대학경영학부(서울),김영일,"310관 305호 <강의실> 화4,5,6"
196,서울,경영통계학,경영경제대학경영학부(서울),김영일,"310관 920호 <강의실> 수4,5,6"
197,서울,경영통계학,경영경제대학경영학부(서울),김정연,"310관 818호 <강의실> 월4,5,6"
198,서울,경영통계학,경영경제대학경영학부(서울),김종현,"310관 818호 <강의실> 화7,8,9"
199,서울,경영통계학,경영경제대학경영학부(서울),김종현,"310관 412호 <강의실> 수7,8,9"
200,서울,경영통계학,경영경제대학경영학부(서울),김정연,"310관 721호 <강의실> 화7,8,9"
201,서울,경영학원론,경영경제대학경영학부(서울),안봉현,"310관 605호 <강의실> 월4,5,6"
202,서울,경영학원론,경영경제대학경영학부(서울),안봉현,"310관 605호 <강의실> 월7,8,9"
203,서울,경영학원론,경영경제대학경영학부(서울),정태규,"310관 605호 <강의실> 수7,8,9"
204,서울,경영학원론,경영경제대학경영학부(서울),이정민,"310관 412호 <강의실> 수4,5,6"
205,서울,경영학원론,경영경제대학경영학부(서울),이정민,"310관 311호 <강의실> 목4,5,6"
206,서울,경영학원론,경영경제대학경영학부(서울),최진숙,"310관 305호 <강의실> 화1,2,3"
207,서울,경영학원론,경영경제대학경영학부(서울),이창구,"310관 505호 <강의실> 수7,8,9"
208,서울,경영학원론,경영경제대학경영학부(서울),김정연,"310관 721호 <강의실> 화4,5,6"
209,서울,경영학원론,경영경제대학경영학부(서울),이덕희,"310관 818호 <강의실> 화4,5,6"
210,서울,경영학원론,경영경제대학경영학부(서울),이덕희,"310관 310호 <강의실> 화7,8,9"
211,서울,경영학원론,경영경제대학국제물류 학과,유동호,"310관 605호 <강의실> 수1,2,3"
212,서울,경제변동론,경영경제대학경제학부(서울),정혁,310관 925호 <강의실> 화(15:00~16:15) / 목(15:00~16:15)
213,서울,경제성장론,경영경제대학경제학부(서울),김지욱,310관 925호 <강의실> 월(10:30~11:45) / 수(10:30~11:45)
214,서울,경제성장론,경영경제대학경제학부(서울),이광훈,310관 722호 <강의실> 월(13:30~14:45) / 수(13:30~14:45)
215,서울,경제수학,경영경제대학경제학부(서울),이상규,310관 701호 <강의실> 월(10:30~11:45) / 수(10:30~11:45)
216,서울,경제수학,경영경제대학경제학부(서울),이상규,310관 503호 <강의실> 월(15:00~16:15) / 수(15:00~16:15)
217,서울,경제수학,경영경제대학경제학부(서울),송정석,310관 926호 <강의실> 화(09:00~10:15) / 목(09:00~10:15)
218,서울,경제수학,경영경제대학경제학부(서울),김배근,310관 928호 <강의실> 화(15:00~16:15) / 목(15:00~16:15)
219,서울,경제와사회,대학(전체),여미영,"310관 B603호(수1,2,3)"
220,서울,경제와사회,대학(전체),김지영,"310관 B602호 <대형강의실> 목1,2,3"
221,서울,경제학개론(1),경영경제대학경제학부(서울),이정희,"310관 310호 <강의실> 금1,2,3"
222,서울,경제학개론(1),경영경제대학경제학부(서울),진현정,310관 926호 <강의실> 화(10:30~11:45) / 목(10:30~11:45)
223,서울,경제학개론(1),경영경제대학경제학부(서울),정혁,310관 926호 <강의실> 화(13:30~14:45) / 목(13:30~14:45)
224,서울,경제학개론(1),경영경제대학경제학부(서울),강상구,"310관 611호 <강의실> 금7,8,9"
225,서울,경제학개론(2),경영경제대학경제학부(서울),김배근,310관 722호 <강의실> 화(10:30~11:45) / 목(10:30~11:45)
226,서울,경제학개론(2),경영경제대학경제학부(서울),강상구,"310관 412호 <강의실> 금1,2,3"
227,서울,경제학연습,경영경제대학경제학부(서울),이정희,310관 927호 <강의실> 화(10:30~11:45) / 목(10:30~11:45)
228,서울,경제학원론,경영경제대학응용통계학과,유만식,"310관 412호 <강의실> 화1,2,3"
229,서울,경제학원론,경영경제대학경영학부(서울),민병현,"310관 305호 <강의실> 목1,2,3"
230,서울,경제학원론,경영경제대학경영학부(서울),민병현,"310관 305호 <강의실> 수4,5,6"
231,서울,경제학원론,경영경제대학경영학부(서울),신종섭,"310관 305호 <강의실> 수7,8,9"
232,서울,경제학원론,경영경제대학경영학부(서울),정태규,"310관 305호 <강의실> 수1,2,3"
233,서울,경제학원론,경영경제대학경영학부(서울),조태형,"310관 305호 <강의실> 월7,8,9"
234,서울,경제학원론,경영경제대학국제물류 학과,유만식,"310관 310호 <강의실> 목1,2,3"
235,서울,경제학원론,경영경제대학국제물류 학과,제관추,310관 305호 <강의실> 화(15:00~16:15) / 목(15:00~16:15)
236,서울,경제학원론,경영경제대학지식경영학부,조영권,"310관 605호 <강의실> 월11,12,13"
237,서울,경제학원론,경영경제대학지식경영학부,조영권,"310관 721호 <강의실> 수11,12,13"
238,서울,경제학원론,경영경제대학지식경영학부,강승복,"310관 920호 <강의실> 금11,12,13"
239,서울,경제학원론,경영경제대학지식경영학부,오경희,"310관 505호 <강의실> 월11,12,13"
240,서울,계량경영론,대학원경영학과,윤지호,"310관 502호 <강의실> 금11,12,13"
241,서울,계량경제학,경영경제대학경제학부(서울),이광훈,310관 611호 <강의실> 월(10:30~11:45) / 수(10:30~11:45)
242,서울,계량경제학,경영경제대학경제학부(서울),송원호,310관 310호 <강의실> 화(13:30~14:45) / 목(13:30~14:45)
243,서울,계량경제학,경영경제대학경제학부(서울),최용옥,310관 611호 <강의실> 월(13:30~14:45) / 수(13:30~14:45)
244,서울,계약과법,대학(전체),유충호,"310관 B603호 <대형강의실> 목1,2,3"
245,서울,고급바이오분석,대학원융합공학과,김태형,"310관 731호 <강의실> 화4,5,6"
246,서울,고급재무회계,경영경제대학경영학부(서울),전영순,310관 603호 <강의실> 화(16:30~17:45) / 목(16:30~17:45)
247,서울,고체역학,공과대학에너지시스템 공학부,양승화,310관 419호 <강의실> 월(15:00~16:15) / 수(15:00~16:15)
248,서울,고체역학(1),공과대학기계공학부,김승한,"310관 517호 <강의실> 월6 / 수5,6"
249,서울,고체역학(1),공과대학기계공학부,윤기봉,"310관 514호 <강의실> 월6 / 수5,6"
250,서울,고체역학(1),공과대학기계공학부,이상민,"310관 417호 <강의실> 월6 / 수5,6"
251,서울,고체역학(1),공과대학기계공학부,조민행,"310관 418호 <강의실> 월6 / 수5,6"
252,서울,공간계획과프로그래밍,공과대학건축학부,황세원,"310관 523호 <강의실> 화1,2,3"
253,서울,공감의 심리학,창의ICT공과대학융합교양학부,이현정,"310관 622호 <강의실> 월7,8"
254,서울,공공기관NCS분석,대학(전체),인재개발원,"310관 B501호 <대형강의실> 목3,4"
255,서울,공급사슬관리,경영경제대학경영학부(서울),서용원,310관 925호 <강의실> 월(15:00~16:15) / 수(15:00~16:15)
256,서울,공급사슬관리,경영경제대학경영학부(서울),박정수,310관 803호 <강의실> 화(10:30~11:45) / 목(10:30~11:45)
257,서울,공급사슬관리,경영경제대학경영학부(서울),박정수,310관 801호 <강의실> 화(15:00~16:15) / 목(15:00~16:15)
258,서울,공업수학(1),공과대학화학신소재공학부,남인호,"310관 316호 <강의실> 화1,2 / 목2"
259,서울,공업수학(1),공과대학화학신소재공학부,남인호,"310관 514호 <강의실> 화4 / 목3,4"
260,서울,공업수학(1),공과대학기계공학부,김승한,"310관 514호 <강의실> 월3,4 / 수3"
261,서울,공업수학(1),공과대학기계공학부,조성욱,"310관 520호 <강의실> 월3,4 / 수3"
262,서울,공업수학(1),공과대학기계공학부,이성원,"310관 418호 <강의실> 월3,4 / 수3"
263,서울,공업수학(1),공과대학기계공학부,요르그볼프,"310관 519호 <강의실> 월3,4 / 수3"
264,서울,공업수학및연습(1),공과대학사회기반시스템공학부,박종웅,"310관 417호 <강의실> 수1,2,3,4"
265,서울,공학물리,공과대학건축학부,이차돈,"310관 521호 <강의실> 금6,7,8"
266,서울,과학기술과현대사회,대학(전체),김광호,"310관 B602호 <대형강의실> 월7,8,9"
267,서울,과학기술과현대사회,대학(전체),김광호,"310관 B602호 <대형강의실> 월1,2,3"
268,서울,관리회계,경영경제대학경영학부(서울),양대천,310관 703호 <강의실> 월(10:30~11:45) / 수(10:30~11:45)
269,서울,관리회계,경영경제대학경영학부(서울),양대천,310관 703호 <강의실> 월(15:00~16:15) / 수(15:00~16:15)
270,서울,관리회계,경영경제대학경영학부(서울),박수연,310관 311호 <강의실> 화(10:30~11:45) / 목(10:30~11:45)
271,서울,관리회계,경영경제대학경영학부(서울),박수연,310관 311호 <강의실> 화(09:00~10:15) / 목(09:00~10:15)
272,서울,관리회계,경영경제대학경영학부(서울),조태현,310관 927호 <강의실> 월(16:30~17:45) / 수(16:30~17:45)
273,서울,광고기획,경영경제대학광고홍보학과,나정희,"310관 818호 <강의실> 수4,5,6"
274,서울,광고와마케팅,경영경제대학광고홍보학과,황장선,310관 925호 <강의실> 화(16:30~17:45) / 목(16:30~17:45)
275,서울,광고와소비자행동,경영경제대학광고홍보학과,김정현,310관 804호 <강의실> 월(15:00~16:15) / 수(15:00~16:15)
276,서울,광고크리에이티브전략,경영경제대학광고홍보학과,문기연,"310관 501호 <광고홍보학과 실습실> 금1,2,3"
277,서울,광고크리에이티브전략,경영경제대학광고홍보학과,문기연,"310관 607호 <컴퓨터실습실-1> 금4,5,6"
278,서울,광고학개론,경영경제대학광고홍보학과,이명천,"310관 928호 <강의실> 금4,5,6"
279,서울,광고학개론,경영경제대학광고홍보학과,나정희,"310관 311호 <강의실> 수7,8,9"
280,서울,광고홍보특강(1),경영경제대학광고홍보학과,이명천,"310관 928호 <강의실> 금7,8,9"
281,서울,교육행정학,사범대학교육학과,김이경,"310관 815호 (월7,8,9)"
282,서울,교통계획론(1),공과대학사회기반시스템공학부,손기민,"310관 321호 <강의실> 수5,6 / 금6"
283,서울,교통공학,공과대학사회기반시스템공학부,김태완,"310관 321호 <강의실> 화7,8,9"
284,서울,구조역학(1),공과대학사회기반시스템공학부,심창수,"310관 417호 <강의실> 월7,8,9"
285,서울,구조역학(1),공과대학사회기반시스템공학부,심창수,"310관 417호 <강의실> 수7,8,9"
286,서울,국제금융론,경영경제대학지식경영학부,허준영,"310관 311호 <강의실> 토8,9,10"
287,서울,국제금융론,경영경제대학지식경영학부,신우용,"310관 722호 <강의실> 금11,12,13"
288,서울,국제금융론,경영경제대학지식경영학부,신우용,"310관 310호 <강의실> 수11,12,13"
289,서울,국제금융론,경영경제대학지식경영학부,오경희,"310관 505호 <강의실> 토1,2,3"
290,서울,국제무역론,경영경제대학경제학부(서울),이종철,310관 921호 <강의실> 화(10:30~11:45) / 목(10:30~11:45)
291,서울,국제무역론,경영경제대학경제학부(서울),이한영,310관 928호 <강의실> 화(16:30~17:45) / 목(16:30~17:45)
292,서울,국제물류론,경영경제대학국제물류 학과,박근식,"310관 505호 (월10:30~11:45, 수10:30~11:45)"
293,서울,국제물류론,경영경제대학국제물류 학과,제관추,310관 505호 <강의실> 월(09:00~10:15) / 수(09:00~10:15)
294,서울,국제물류정보론,경영경제대학국제물류 학과,이승원,"310관 818호 <강의실> 금10,11,12"
295,서울,국제상거래법,경영경제대학국제물류 학과,신호근,"310관 310호 <강의실> 금7,8,9"
296,서울,국제상학,경영경제대학경영학부(서울),이용근,310관 922호 <강의실> 월(15:00~16:15) / 수(15:00~16:15)
297,서울,국제상학,경영경제대학경영학부(서울),박정희,"310관 928호 <강의실> 화4,5,6"
298,서울,국제상학,경영경제대학경영학부(서울),박정희,"310관 605호 <강의실> 화7,8,9"
299,서울,국제상학,경영경제대학경영학부(서울),김선철,"310관 412호 <강의실> 금4,5,6"
300,서울,국제상학,경영경제대학경영학부(서울),김선철,"310관 412호 <강의실> 금7,8,9"
301,서울,국제상학연구,대학원무역물류학과.,이용근,"310관 901호 <첨단강의실> 화7,8,9"
302,서울,국제운송론,경영경제대학경영학부(서울),박호신,"310관 927호 <강의실> 금7,8,9"
303,서울,국제운송론,경영경제대학경영학부(서울),오승철,"310관 305호 <강의실> 월1,2,3"
304,서울,국제운송론,경영경제대학경영학부(서울),오승철,"310관 818호 <강의실> 화1,2,3"
305,서울,국제재무관리,경영경제대학경영학부(서울),김동순,310관 803호 <강의실> 월(15:00~16:15) / 수(15:00~16:15)
306,서울,글로벌 공급사슬관리,경영경제대학국제물류 학과,하영목,"310관 412호 (월10:30~11:45, 수10:30~11:45)"
307,서울,글로벌경영,경영전문대학원CAU-Leader MBA,최창범,310관 902호 <첨단강의실> 토(09:00~10:15) / 토(10:30~11:45)
308,서울,글로벌물류활동,대학(전체),박근식,"310관 801호 <강의실> 금5,6"
309,서울,글쓰기,대학(전체),박죽심,"310관 622호 <강의실> 월1,2"
310,서울,글쓰기,대학(전체),노석영,"310관 619호 <강의실> 월1,2"
311,서울,글쓰기,대학(전체),최석화,"310관 617호 <강의실> 월3,4"
312,서울,글쓰기,대학(전체),노석영,"310관 619호 <강의실> 월3,4"
313,서울,글쓰기,대학(전체),박죽심,"310관 321호 <강의실> 월3,4"
314,서울,글쓰기,대학(전체),신현규,"310관 619호 <강의실> 월5,6"
315,서울,글쓰기,대학(전체),강유진,"310관 727호 <강의실> 월5,6"
316,서울,글쓰기,대학(전체),최석화,"310관 728호 <강의실> 월5,6"
317,서울,글쓰기,대학(전체),신현규,"310관 728호 <강의실> 월7,8"
318,서울,글쓰기,대학(전체),김미선,"310관 620호 <강의실> 월7,8"
319,서울,글쓰기,대학(전체),강유진,"310관 620호 <강의실> 수5,6"
320,서울,글쓰기,대학(전체),김미선,"310관 523호 <강의실> 수3,4"
321,서울,글쓰기,대학(전체),공현진,"310관 312호 <강의실> 수3,4"
322,서울,글쓰기,대학(전체),박죽심,"310관 414호 <강의실> 수1,2"
323,서울,글쓰기,대학(전체),공현진,"310관 321호 <강의실> 수1,2"
324,서울,글쓰기,대학(전체),신현규,"310관 521호 <강의실> 화3,4"
325,서울,글쓰기,대학(전체),이성우,"310관 420호 <강의실> 화3,4"
326,서울,글쓰기,대학(전체),이성우,"310관 414호 <강의실> 화5,6"
327,서울,글쓰기,대학(전체),신현규,"310관 523호 <강의실> 화5,6"
328,서울,글쓰기,대학(전체),최유숙,"310관 420호 <강의실> 목5,6"
329,서울,글쓰기,대학(전체),김낙현,"310관 523호 <강의실> 목5,6"
330,서울,글쓰기,대학(전체),김미선,"310관 414호 <강의실> 목5,6"
331,서울,글쓰기,대학(전체),최유숙,"310관 517호 <강의실> 목7,8"
332,서울,글쓰기,대학(전체),김낙현,"310관 418호 <강의실> 목7,8"
333,서울,글쓰기,대학(전체),류찬열,"310관 612호 <강의실> 토8,9"
334,서울,글쓰기,대학(전체),한승우,"310관 611호 <강의실> 토8,9"
335,서울,글쓰기,대학(전체),최유숙,"310관 721호 <강의실> 토8,9"
336,서울,글쓰기,대학(전체),류찬열,"310관 612호 <강의실> 토10,11"
337,서울,글쓰기,대학(전체),한승우,"310관 611호 <강의실> 토10,11"
338,서울,글쓰기,대학(전체),최유숙,"310관 721호 <강의실> 토10,11"
339,서울,금융기계학습,대학(전체)금융공학융합전공,유시용,310관 932호 <강의실> 월(15:00~16:15) / 수(15:00~16:15)
340,서울,금융산업의 이해와 규제준수,보안대학원산업융합보안학과,조성인,310관 801호 <강의실> 토(14:30~15:50)
341,서울,금융수학,경영경제대학경영학부(서울),정태규,"310관 704호 <강의실> 월7,8,9"
342,서울,기계요소설계,공과대학기계공학부,오세훈,"310관 514호 <강의실> 화6 / 목5,6"
343,서울,기계요소설계,공과대학기계공학부,이상민,"310관 520호 <강의실> 화6 / 목5,6"
344,서울,기계요소설계,공과대학기계공학부,이영석,"310관 519호 <강의실> 화6 / 목5,6"
345,서울,기계진동,공과대학기계공학부,남우철,"310관 514호 <강의실> / 520호 <강의실> 월5 / 수5,6"
346,서울,기계진동,공과대학기계공학부,석종원,"310관 518호 <강의실> 월5,6 / 수5"
347,서울,기계진동,공과대학기계공학부,이재응,"310관 519호 <강의실> 월6 / 수5,6"
348,서울,기술경영과 보호,경영경제대학산업보안학과,이재균,"310관 601호 <강의실> 목7,8,9"
349,서울,기업가정신과 창업트렌드,경영경제대학지식경영학부,김진수,"310관 920호 <강의실> 수11,12,13"
350,서울,기업가정신과 창업트렌드,경영경제대학지식경영학부,허제인,"310관 921호 <강의실> 화11,12,13"
351,서울,기업가정신과 창업트렌드,경영경제대학지식경영학부,허제인,"310관 505호 <강의실> 토5,6,7"
352,서울,기업경영과진로탐색,대학(전체),연정흠,"310관 B601호 <대형강의실> 금3,4"
353,서울,기업직무적성검사분석,대학(전체),인재개발원,"310관 B501호 <대형강의실> 목5,6"
354,서울,기업투자가치분석,경영전문대학원CAU-Leader MBA,박선영,310관 902호 <첨단강의실> 토(15:00~16:15) / 토(16:30~17:45)
355,서울,기업홍보론,경영경제대학광고홍보학과,성민정,310관 921호 <강의실> 월(10:30~11:45) / 수(10:30~11:45)
356,서울,기업홍보론,경영경제대학광고홍보학과,정상국,"310관 921호 <강의실> 금7,8,9"
357,서울,기초공학,공과대학사회기반시스템공학부,조성호,"310관 316호 <강의실> 수0,1,2"
358,서울,기초물리학,소프트웨어대학소프트웨어학부,정태성,"310관 723호 (금1,2)"
359,서울,기초미분적분학,공과대학기계공학부,임지현,"310관 517호 <강의실> 금1,2"
360,서울,기초측량학,공과대학사회기반시스템공학부,조윤호,"310관 418호 <강의실> 화1,2"
361,서울,기초측량학,공과대학사회기반시스템공학부,조윤호,"310관 418호 <강의실> 화5,6"
362,서울,기초측량학연습,공과대학사회기반시스템공학부,조윤호,"310관 418호 <강의실> 금3,4"
363,서울,기초측량학연습,공과대학사회기반시스템공학부,조윤호,"310관 418호 <강의실> 금5,6"
364,서울,기초측량학연습,공과대학사회기반시스템공학부,조윤호,"310관 418호 <강의실> 금7,8"
365,서울,기초컴퓨터프로그래밍,창의ICT공과대학융합공학부,권금철,310관 B210호  수(09:00~10:15) / 금(09:00~10:15)
366,서울,기초컴퓨터프로그래밍,창의ICT공과대학전자전기공학부,홍철호,"310관 B309호 <전자전기공학부 PC강의실> 화5,6 / 목5"
367,서울,기초컴퓨터프로그래밍,창의ICT공과대학융합공학부,권금철,310관 B210호  월(10:30~11:45) / 수(10:30~11:45)
368,서울,기초컴퓨터프로그래밍,창의ICT공과대학전자전기공학부,노종석,"310관 B309호 <전자전기공학부 PC강의실> 월6 / 수5,6"
369,서울,기초컴퓨터프로그래밍,소프트웨어대학소프트웨어학부,김상욱,"310관 B311호  화7,8,9"
370,서울,기초컴퓨터프로그래밍,소프트웨어대학소프트웨어학부,이남규,"310관 620호 <강의실> / B310호  화3,4 / 목3"
371,서울,기초컴퓨터프로그래밍,소프트웨어대학소프트웨어학부,이예솜,"310관 B310호  수7,8,9"
372,서울,기초컴퓨터프로그래밍,소프트웨어대학소프트웨어학부,김상욱,"310관 B311호  목9,10,11"
373,서울,기초컴퓨터프로그래밍,소프트웨어대학소프트웨어학부,김승태,"310관 B311호  수10,11,12"
374,서울,기초통계학(1),경영경제대학응용통계학과,김영화,310관 602호 <강의실> 화(15:00~16:15) / 목(15:00~16:15)
375,서울,기초통계학(1),경영경제대학응용통계학과,최민재,"310관 702호 <강의실> 금4,5,6"
376,서울,나노공학개론(2),창의ICT공과대학융합공학부,백태종,310관 618호 <강의실> 월(16:30~17:45) / 수(16:30~17:45)
377,서울,나노융합종합설계,창의ICT공과대학융합공학부,표성규,"310관 618호 <강의실> 금1,2,3,4,5,6"
378,서울,나노융합종합설계,창의ICT공과대학융합공학부,표성규,"310관 731호 <강의실> 목1,2,3,4,5,6"
379,서울,나노재료설계,공과대학화학신소재공학부,이종휘,"310관 315호 <강의실> 화3,4 / 목3"
380,서울,나노재료설계,공과대학화학신소재공학부,이종휘,"310관 315호 <강의실> 화6 / 목5,6"
381,서울,내몸의구조와기능,대학(전체),송진호,"310관 927호 <강의실> 토1,2,3"
382,서울,내안의우주: 인체구조와기능,대학(전체),이무열,310관 B501호 <대형강의실> 월2
383,서울,냉동및공조설계,공과대학기계공학부,김동규,"310관 417호 <강의실> 화6 / 목5,6"
384,서울,네트워크응용설계,소프트웨어대학소프트웨어학부,백정엽,"310관 728호 <강의실> 목7,8,9"
385,서울,네트워크응용설계,소프트웨어대학소프트웨어학부,백정엽,"310관 622호 <강의실> 금7,8,9"
386,서울,노동경제학,경영경제대학경제학부(서울),허식,310관 920호 <강의실> 월(15:00~16:15) / 수(15:00~16:15)
387,서울,노동경제학,경영경제대학경제학부(서울),강창희,310관 722호 <강의실> 화(15:00~16:15) / 목(15:00~16:15)
388,서울,다빈치스포츠,대학(전체),정우영,"310관 721호 <강의실> 화11,12,13"
389,서울,다빈치예술여행,대학(전체),조규연,"310관 B603호 <대형강의실> 월4,5,6"
390,서울,다빈치예술여행,대학(전체),최정현,"310관 B602호 <대형강의실> 목7,8,9"
391,서울,다빈치예술여행,대학(전체),신혜조,"310관 B603호 <대형강의실> 금1,2,3"
392,서울,다빈치예술여행,대학(전체),신혜조,"310관 B502호 <대형강의실> 금7,8,9"
393,서울,다빈치예술여행,대학(전체),최정현,"310관 B502호 <대형강의실> 목1,2,3"
394,서울,다빈치예술여행,대학(전체),조규연,"310관 B603호 <대형강의실> 월1,2,3"
395,서울,다상유체역학,대학원기계공학과,이형순,"310관 422호 <강의실> 화7,8,9"
396,서울,단지계획,공과대학사회기반시스템공학부,이정우,"310관 321호 <강의실> 수7,8,9"
397,서울,대중문화와패션,대학(전체),김세나,"310관 316호 <강의실> 토9,10"
398,서울,대학한문,대학(전체),정숙인,"310관 B602호 <대형강의실> 화1,2,3"
399,서울,대학한문,대학(전체),정숙인,"310관 B602호 <대형강의실> 화4,5,6"
400,서울,데이타베이스 시스템,소프트웨어대학소프트웨어학부,강현철,"310관 727호 <강의실> 화7,8,9"
401,서울,데이터마이닝(1),경영경제대학응용통계학과,김원국,310관 701호 <강의실> 월(16:30~17:45) / 수(16:30~17:45)
402,서울,도시계량분석,공과대학사회기반시스템공학부,손기민,"310관 321호 <강의실> 수3 / 금3,4"
403,서울,도시관계법규,공과대학사회기반시스템공학부,김찬호,"310관 321호 <강의실> 화1 / 목1,2"
404,서울,도시론,공과대학사회기반시스템공학부,김찬호,"310관 321호 <강의실> 화3,4 / 목3"
405,서울,동역학,공과대학에너지시스템 공학부,오기용,310관 419호 <강의실> 월(12:00~13:15) / 수(12:00~13:15)
406,서울,동역학,공과대학기계공학부,석종원,"310관 517호 <강의실> 월7,8 / 수7"
407,서울,동역학,공과대학기계공학부,이재응,"310관 518호 <강의실> 월7,8 / 수7"
408,서울,동역학,공과대학기계공학부,장승환,"310관 514호 <강의실> 월7,8 / 수7"
409,서울,동역학,공과대학기계공학부,김도석,"310관 514호 <강의실> 화9,10,11"
410,서울,디스플레이재료및공학,창의ICT공과대학융합공학부,손형빈,"310관 618호 <강의실> 금7,8,9"
411,서울,디자인과 감성적사고,창의ICT공과대학융합교양학부,이민하,"310관 618호 <강의실> 목3,4"
412,서울,디자인적사고와문제해결,대학(전체),이현정,"310관 518호 <강의실> 월3,4"
413,서울,디자인적사고와문제해결,대학(전체),이민하,"310관 727호 <강의실> 월3,4"
414,서울,디자인적사고와문제해결,대학(전체),한진영,"310관 417호 <강의실> 월1,2"
415,서울,디자인적사고와문제해결,대학(전체),이현정,"310관 518호 <강의실> 화1,2"
416,서울,디자인적사고와문제해결,대학(전체),한진영,"310관 728호 <강의실> 목5,6"
417,서울,디자인적사고와문제해결,대학(전체),이민하,"310관 518호 <강의실> 목5,6"
418,서울,디자인적사고와문제해결,대학(전체),이현정,"310관 518호 <강의실> 화5,6"
419,서울,디자인적사고와문제해결,대학(전체),한진영,"310관 517호 <강의실> 화7,8"
420,서울,디자인적사고와문제해결,대학(전체),이수진,"310관 518호 <강의실> 화7,8"
421,서울,디지털 비즈니스와 보안,경영경제대학산업보안학과,김정덕,"310관 310호 <강의실> 화1,2,3"
422,서울,디지털 영상처리,창의ICT공과대학전자전기공학부,유성욱,"310관 617호 <강의실> / 723호 <강의실> 금7,8 / 수7"
423,서울,디지털게임과문화,대학(전체),이민하,"310관 514호 <강의실> 화1,2,3"
424,서울,디지털사운드디자인,예술대학공연영상창작학부,정지훈,"310관 B311호  수7,8,9"
425,서울,디지털시대의공감,대학(전체),이현정,"310관 B601호 <대형강의실> 목1,2,3"
426,서울,디지털시스템설계,창의ICT공과대학전자전기공학부,이우주,"310관 723호 <강의실> 월1,2 / 수2"
427,서울,디지털신호처리,창의ICT공과대학전자전기공학부,박수현,"310관 613호 <강의실> / 616호 <강의실> 수2 / 금1,2"
428,서울,디지털애널리틱스,경영경제대학광고홍보학과,김유승,"310관 501호 <광고홍보학과 실습실> 금4,5,6"
429,서울,디지털이미징개론,창의ICT공과대학융합공학부,유리나,"310관 731호 <강의실> 월7,8,9"
430,서울,디지털커뮤니케이션과콘텐츠,대학(전체),도선재,"310관 B601호 <대형강의실> 월7,8,9"
431,서울,롯데글로벌로지스 물류혁신,경영경제대학국제물류 학과,백승기,"310관 818호 <강의실> 금7,8,9"
432,서울,리더십,경영경제대학지식경영학부,이종건,"310관 605호 <강의실> 목11,12,13"
433,서울,리더십,경영경제대학경영학부(서울),전병준,"310관 926호 <강의실> 금7,8,9"
434,서울,리더십,경영경제대학지식경영학부,박찬균,"310관 818호 <강의실> 화11,12,13"
435,서울,리더십,경영경제대학경영학부(서울),황성주,310관 722호 <강의실> 화(13:30~14:45) / 목(13:30~14:45)
436,서울,리더십,경영경제대학경영학부(서울),이종건,"310관 926호 <강의실> 목7,8,9"
437,서울,리더십,경영경제대학지식경영학부,박찬균,"310관 721호 <강의실> 토5,6,7"
438,서울,리더십,경영경제대학지식경영학부,정경균,"310관 819호 <강의실> 월11,12,13"
439,서울,마이크로컴퓨터시스템,창의ICT공과대학전자전기공학부,홍철호,"310관 B309호 <전자전기공학부 PC강의실> 금6,7,8"
440,서울,마케팅,경영경제대학지식경영학부,최인혁,"310관 305호 <강의실> 금11,12,13"
441,서울,마케팅,경영경제대학경영학부(서울),남인우,310관 932호 <강의실> 화(13:30~14:45) / 목(13:30~14:45)
442,서울,마케팅,경영경제대학지식경영학부,서현석,"310관 305호 <강의실> 월11,12,13"
443,서울,마케팅,경영경제대학경영학부(서울),남인우,310관 932호 <강의실> 화(15:00~16:15) / 목(15:00~16:15)
444,서울,마케팅,경영경제대학지식경영학부,김현철,"310관 505호 <강의실> 화11,12,13"
445,서울,마케팅,경영경제대학경영학부(서울),이진용,310관 601호 <강의실> 월(15:00~16:15) / 수(15:00~16:15)
446,서울,마케팅,경영경제대학지식경영학부,최진숙,"310관 310호 <강의실> 토5,6,7"
447,서울,마케팅,경영경제대학경영학부(서울),이진용,310관 601호 <강의실> 월(13:30~14:45) / 수(13:30~14:45)
448,서울,마케팅,경영경제대학경영학부(서울),서현석,310관 602호 <강의실> 화(16:30~17:45) / 목(16:30~17:45)
449,서울,마케팅,경영경제대학경영학부(서울),정헌배,"310관 921호 <강의실> 금4,5,6"
450,서울,마케팅,경영경제대학경영학부(서울),최인혁,"310관 922호 <강의실> 금4,5,6"
451,서울,마케팅,경영경제대학경영학부(서울),이일한,310관 926호 <강의실> 월(13:30~14:45) / 수(13:30~14:45)
452,서울,마케팅,경영전문대학원CAU-Leader MBA,서현석,310관 901호 <첨단강의실> 토(15:00~16:15) / 토(16:30~17:45)
453,서울,마케팅관리론,대학원경영학과,서현석,"310관 903호 <첨단강의실> 금7,8,9"
454,서울,마케팅리서치,대학원경영학과,이진용,"310관 902호 <첨단강의실> 화7,8,9"
455,서울,마케팅조사론,경영전문대학원CAU-Leader MBA,안대용,310관 607호 <컴퓨터실습실-1> 목(19:00~20:15) / 목(20:30~21:45)
456,서울,머신러닝,소프트웨어대학소프트웨어학부,홍병우,"310관 727호 <강의실> 금4,5,6"
457,서울,머신러닝,소프트웨어대학소프트웨어학부,홍병우,"310관 312호 <강의실> 금7,8,9"
458,서울,멀티코어컴퓨팅,소프트웨어대학소프트웨어학부,손봉수,"310관 622호 <강의실> / 727호 <강의실> 화5,6 / 목6"
459,서울,모션과 타이밍 스튜디오,대학(전체)게임·인터렉티브미디어융합전공,김탁훈,"310관 513호 <강의실> 월10,11,12"
460,서울,무기재료공학,창의ICT공과대학융합공학부,백태종,310관 618호 <강의실> 월(12:00~13:15) / 수(12:00~13:15)
461,서울,무역결제론,경영경제대학경영학부(서울),주혜영,"310관 818호 (금1,2,3)"
462,서울,무역결제론,경영경제대학경영학부(서울),주혜영,"310관 605호 (금7,8,9)"
463,서울,문학의세계,대학(전체),김낙현,"310관 420호 <강의실> 금4,5,6"
464,서울,문화콘텐츠입문,대학(전체),조혜정,"310관 B502호 <대형강의실> 수5,6"
465,서울,물류기초(1),경영경제대학국제물류 학과,셀리마틴,"310관 605호 <강의실> 수4,5,6"
466,서울,물류기초(1),경영경제대학국제물류 학과,제관추,"310관 603호 <강의실> 수4,5,6"
467,서울,물류시스템과 공급사슬관리,경영경제대학국제물류 학과,제관추,310관 513호 <강의실> 화(10:30~11:45) / 목(10:30~11:45)
468,서울,물류시스템과 공급사슬관리,경영경제대학국제물류 학과,김두리,310관 612호 <강의실> 화(10:30~11:45) / 목(10:30~11:45)
469,서울,물리적 경호경비,대학원융합보안학과,이주락,"310관 503호 <강의실> 토4,5,6"
470,서울,물리전자,창의ICT공과대학전자전기공학부,송상헌,"310관 613호 <강의실> / 616호 <강의실> 월7,8 / 수8"
471,서울,물리전자,창의ICT공과대학전자전기공학부,박성규,"310관 B502호 <대형강의실> 월7,8,9"
472,서울,물리전자,창의ICT공과대학전자전기공학부,방성완,"310관 616호 <강의실> 월7,8,9"
473,서울,물리화학(1),공과대학화학신소재공학부,여태환,"310관 315호 <강의실> 월1,2 / 수1"
474,서울,물리화학(1),창의ICT공과대학융합공학부,윤성훈,310관 618호 <강의실> 월(15:00~16:15) / 수(15:00~16:15)
475,서울,물리화학(1),공과대학화학신소재공학부,여태환,"310관 315호 <강의실> 월4 / 수3,4"
476,서울,미국의역사와문화,인문대학역사학과,이경래,"310관 705호 <강의실> 목3,4"
477,서울,미디어아트 프로그래밍 제작실습,대학(전체)테크놀로지아트융합전공,박진완,"310관 B310호  목10,11,12"
478,서울,미래사회와미디어,대학(전체),진소연,"310관 B601호 <대형강의실> 수1,2,3"
479,서울,미래융합보안과 서비스(캡스톤디자인),경영경제대학산업보안학과,이주락,310관 611호 <강의실> 월(09:00~10:15) / 수(09:00~10:15)
480,서울,미분적분학(1),창의ICT공과대학전자전기공학부,조미라,"310관 613호 <강의실> 화5 / 금5,6"
481,서울,미분적분학(1),창의ICT공과대학전자전기공학부,윤혜라,"310관 613호 <강의실> 수1 / 금1,2"
482,서울,미분적분학(1),창의ICT공과대학전자전기공학부,요르그볼프,"207관(봅스트홀) 234호 <강의실> / 310관 613호 <강의실> 월7,8 / 수8"
483,서울,미세유해물질관련동향연구,대학원융합공학과,최종훈,"310관 730호 <강의실> 화7,8,9"
484,서울,미시경제학,경영경제대학경제학부(서울),안일태,"310관 310호 (월10:30~11:45, 수10:30~11:45)"
485,서울,미시경제학,경영경제대학경제학부(서울),이한영,310관 928호 <강의실> 화(09:00~10:15) / 목(09:00~10:15)
486,서울,미시경제학,경영경제대학경제학부(서울),이상규,310관 921호 <강의실> 월(13:30~14:45) / 수(13:30~14:45)
487,서울,미시경제학,경영경제대학경제학부(서울),강창희,310관 819호 <강의실> 화(10:30~11:45) / 목(10:30~11:45)
488,서울,미적분학,공과대학건축학부,이상엽,"310관 517호 <강의실> 수1,2,3"
489,서울,미적분학,공과대학화학신소재공학부,강은아,"310관 312호 <강의실> 목7,8,9"
490,서울,미적분학,공과대학사회기반시스템공학부,조미라,"310관 417호 <강의실> 화7,8,9"
491,서울,미적분학,공과대학기계공학부,임지현,"310관 517호 <강의실> 화2 / 목1,2"
492,서울,미적분학,공과대학기계공학부,천상민,"310관 520호 <강의실> 월2 / 수1,2"
493,서울,미적분학,공과대학사회기반시스템공학부,조미라,"310관 414호 <강의실> 금1,2,3"
494,서울,미적분학,공과대학기계공학부,강수란,"310관 514호 <강의실> 월2 / 수1,2"
495,서울,미적분학,소프트웨어대학소프트웨어학부,천상민,"310관 617호 <강의실> 월7,8 / 수7"
496,서울,미적분학,소프트웨어대학소프트웨어학부,이지훈,"310관 622호 <강의실> 화3 / 목3,4"
497,서울,미적분학,소프트웨어대학소프트웨어학부,강수란,"310관 726호 <강의실> 월1 / 금1,2"
498,서울,바이오 데이터 분석,창의ICT공과대학융합공학부,나도균,"310관 602호 <강의실> 금2,3,4,5,6,7,8,9"
499,서울,바이오공학종합설계,창의ICT공과대학융합공학부,최종훈,"310관 729호 <강의실> 월10,11,12,13"
500,서울,바이오시스템공학,창의ICT공과대학융합공학부,이민호,"310관 602호 <강의실> 금2,3,4,5,6,7"
501,서울,바이오컨쥬게이션공학,창의ICT공과대학융합공학부,최종훈,310관 618호 <강의실> 월(13:30~14:45) / 수(13:30~14:45)
502,서울,반도체소자 원리와 응용,창의ICT공과대학전자전기공학부,송상헌,"310관 616호 <강의실> / 619호 <강의실> 수4 / 금3,4"
503,서울,반응공학(1),공과대학화학신소재공학부,김선주,"310관 315호 <강의실> 월6 / 수5,6"
504,서울,반응공학(1),공과대학화학신소재공학부,김선주,"310관 315호 <강의실> 월7,8 / 수7"
505,서울,발전시스템제어,공과대학에너지시스템 공학부,김원희,310관 420호 <강의실> 월(12:00~13:15) / 수(12:00~13:15)
506,서울,범주형자료분석론,경영경제대학응용통계학과,황범석,310관 702호 <강의실> 화(10:30~11:45) / 목(10:30~11:45)
507,서울,법학개론,경영경제대학산업보안학과,최호진,"310관 612호 <강의실> 금4,5,6"
508,서울,법학개론,경영경제대학산업보안학과,최호진,"310관 612호 <강의실> 금7,8,9"
509,서울,벤처창업 경영론,대학(전체)창업학융합전공,최용석,"310관 601호 <강의실> 화4,5,6"
510,서울,벤처캐피탈과 PEF,경영전문대학원CAU-Leader MBA,정준영,310관 902호 <첨단강의실> 월(19:00~20:15) / 월(20:30~21:45)
511,서울,벤처투자론,경영경제대학경영학부(서울),송수영,310관 926호 <강의실> 월(15:00~16:15) / 수(15:00~16:15)
512,서울,벤처투자와PEF,경영경제대학경영학부(서울),송수영,310관 704호 <강의실> 월(13:30~14:45) / 수(13:30~14:45)
513,서울,보건물리,공과대학에너지시스템 공학부,최유조,"310관 419호 <강의실> 금6,7,8"
514,서울,보안 커뮤니케이션,경영경제대학산업보안학과,이주락,310관 819호 <강의실> 월(12:00~13:15) / 수(12:00~13:15)
515,서울,보안관리체계,대학원융합보안학과,박태완,"310관 512호  토7,8,9"
516,서울,보안범죄심리학,대학원융합보안학과,이창무,"310관 512호  월11,12,13"
517,서울,보험시장론,경영경제대학경영학부(서울),허연,310관 803호 <강의실> 월(09:00~10:15) / 수(09:00~10:15)
518,서울,보험시장론,경영경제대학경영학부(서울),허연,310관 803호 <강의실> 월(13:30~14:45) / 수(13:30~14:45)
519,서울,보험시장론,경영경제대학경영학부(서울),허연,310관 803호 <강의실> 월(16:30~17:45) / 수(16:30~17:45)
520,서울,부동산금융론,경영경제대학경영학부(서울),박연우,310관 502호 <강의실> 화(10:30~11:45) / 목(10:30~11:45)
521,서울,분리공정,공과대학화학신소재공학부,우상혁,"310관 316호 <강의실> 화3,4 / 목3"
522,서울,분리공정,공과대학화학신소재공학부,이평수,"310관 312호 <강의실> 화3,4 / 목3"
523,서울,분자생물학,창의ICT공과대학융합공학부,유승민,"310관 729호 <강의실> 금1,2,3,4"
524,서울,분자생물학,창의ICT공과대학융합공학부,유승민,"310관 729호 <강의실> 금5,6,7,8"
525,서울,불어(초급),대학(전체),박언주,"310관 310호 <강의실> 토8,9,10"
526,서울,블록체인 서비스 개발과 응용,대학원융합보안학과,이강신,"310관 503호 <강의실> 토1,2,3"
527,서울,비모수통계학,경영경제대학응용통계학과,이재헌,310관 819호 <강의실> 월(10:30~11:45) / 수(10:30~11:45)
528,서울,비즈니스 소프트웨어,경영경제대학지식경영학부,김대진,"310관 412호 <강의실> 금11,12,13"
529,서울,비즈니스 소프트웨어,경영경제대학지식경영학부,김우성,"310관 605호 <강의실> 수11,12,13"
530,서울,비즈니스 소프트웨어,경영경제대학지식경영학부,김우성,"310관 310호 <강의실> 금11,12,13"
531,서울,비즈니스 소프트웨어,경영경제대학지식경영학부,최승은,"310관 412호 <강의실> 월11,12,13"
532,서울,비즈니스커뮤니케이션(1),경영경제대학국제물류 학과,갈라스,"310관 513호 <강의실> 월1,2,3"
533,서울,비즈니스커뮤니케이션(1),경영경제대학국제물류 학과,갈라스,"310관 503호 <강의실> 금7,8,9"
534,서울,비즈니스프로그래밍,대학원경영학과,최명길,"310관 502호 <강의실> 화7,8,9"
535,서울,사물인터넷과 융합보안,대학원융합보안학과,이재우,"310관 503호 <강의실> 월11,12,13"
536,서울,사물인터넷과데이터,대학(전체),김영민,"310관 B310호  목7,8"
537,서울,사이버 물리시스템 보안,경영경제대학산업보안학과,이재우,310관 602호 <강의실> 화(10:30~11:45) / 목(10:30~11:45)
538,서울,사이버 침해사고 대응,경영경제대학산업보안학과,조정원,"310관 607호 <컴퓨터실습실-1> 월11,12,13"
539,서울,사이버보안기술,대학원융합보안학과,신동천,"310관 512호  화11,12,13"
540,서울,사회과학연구방법론,대학원경영학과,김태하,"310관 503호 <강의실> 목11,12,13"
541,서울,사회기반시설종합설계,공과대학사회기반시스템공학부,박종웅,"310관 417호 <강의실> 금1,2,3,4"
542,서울,사회문제와인공지능프로젝트,대학(전체),전주현,"310관 523호 <강의실> 수7,8"
543,서울,사회윤리,대학(전체),김다솜,"310관 705호 <강의실> 수4,5,6"
544,서울,사회적책임과기업윤리,경영경제대학경영학부(서울),조유현,"310관 920호 <강의실> 금1,2,3"
545,서울,산업보안 라이센스계약 실무,대학원융합보안학과,손승우,"310관 512호  토4,5,6"
546,서울,산업보안 범죄,경영경제대학산업보안학과,이창무,310관 818호 <강의실> 월(15:00~16:15) / 수(15:00~16:15)
547,서울,산업보안 조사와 포렌식,경영경제대학산업보안학과,정용식,"310관 717호 (목11,12,13)"
548,서울,산업보안법제도,경영경제대학산업보안학과,손승우,310관 702호 <강의실> 월(13:30~14:45) / 수(13:30~14:45)
549,서울,산업보안조사 및 분석,대학원융합보안학과,이재균,"310관 503호 <강의실> 토7,8,9"
550,서울,산업보안학,경영경제대학산업보안학과,이창무,"310관 926호 <강의실> 화7,8,9"
551,서울,산업융합보안 I(캡스톤디자인),경영경제대학산업보안학과,장항배,"310관 512호  월7,8,9 / 수7,8,9"
552,서울,산업융합보안세미나,대학원융합보안학과,장항배,"310관 512호  월4,5,6"
553,서울,산업체특강(2),소프트웨어대학소프트웨어학부,방영세,"310관 B210호  화9,10"
554,서울,삼차원집적공정개론,창의ICT공과대학융합공학부,표성규,"310관 618호 <강의실> 목7,8,9"
555,서울,삼차원집적공정론,대학원융합공학과,표성규,"310관 731호 <강의실> 화1,2,3"
556,서울,상하수도플랜트공학,공과대학사회기반시스템공학부,박규홍,"310관 414호 <강의실> 월7,8,9"
557,서울,상하수도플랜트공학,공과대학사회기반시스템공학부,박규홍,"310관 414호 <강의실> 수7,8,9"
558,서울,생리학,창의ICT공과대학융합공학부,유승민,310관 729호 <강의실> 월(16:30~17:45) / 수(16:30~17:45)
559,서울,생물공정공학,창의ICT공과대학융합공학부,민준홍,310관 729호 <강의실> 월(10:30~11:45) / 수(10:30~11:45)
560,서울,생활속의생명과학,대학(전체),김학균,"310관 B601호 <대형강의실> 화1,2,3"
561,서울,서비스마케팅,경영경제대학경영학부(서울),김현철,310관 702호 <강의실> 화(15:00~16:15) / 목(15:00~16:15)
562,서울,서양건축사,공과대학건축학부,송하엽,"310관 517호 <강의실> / 622호 <강의실> 월3,4 / 수3"
563,서울,선물옵션시장론,경영경제대학경영학부(서울),설홍기,310관 801호 <강의실> 화(13:30~14:45) / 목(13:30~14:45)
564,서울,선물옵션시장론,경영경제대학경영학부(서울),유시용,310관 802호 <강의실> 월(16:30~17:45) / 수(16:30~17:45)
565,서울,선형대수학,창의ICT공과대학전자전기공학부,심용,"310관 619호 <강의실> 화1 / 금1,2"
566,서울,선형대수학,창의ICT공과대학전자전기공학부,심용,"207관(봅스트홀) 234호 <강의실> / 310관 613호 <강의실> 수6 / 월5,6"
567,서울,선형대수학,창의ICT공과대학융합공학부,김영빈,310관 729호 <강의실> 화(12:00~13:15) / 목(12:00~13:15)
568,서울,성의과학,대학(전체),최지혜,"310관 B602호 <대형강의실> 수1,2,3"
569,서울,세계문화지리아카데미,대학(전체),안창모,"310관 B502호 <대형강의실> 수1,2"
570,서울,세계문화지리아카데미,대학(전체),안창모,"310관 B502호 <대형강의실> 수3,4"
571,서울,세무회계,경영경제대학지식경영학부,임채수,"310관 310호 <강의실> 화11,12,13"
572,서울,세무회계,경영경제대학지식경영학부,박준석,"310관 310호 <강의실> 목11,12,13"
573,서울,세무회계,경영경제대학지식경영학부,박준석,"310관 412호 <강의실> 토1,2,3"
574,서울,세무회계,경영경제대학지식경영학부,황명철,"310관 605호 <강의실> 금11,12,13"
575,서울,세무회계세미나,대학원회계학과,박재환,"310관 920호 <강의실> 목11,12,13"
576,서울,세일즈프로모션과커뮤니케이션,경영경제대학광고홍보학과,최서윤,"310관 927호 <강의실> 금4,5,6"
577,서울,소득세법,경영경제대학경영학부(서울),박재환,310관 920호 <강의실> 화(15:00~16:15) / 목(15:00~16:15)
578,서울,소득세법,경영경제대학경영학부(서울),이상훈,"310관 920호 <강의실> 수1,2,3"
579,서울,소비자와시장,대학(전체),조유현,"310관 815호 <세미나실8> 수4,5,6"
580,서울,소비자행동,대학원광고홍보학과,김정현,"310관 502호 <강의실> 수4,5,6"
581,서울,소비자행동론,경영경제대학경영학부(서울),황금주,310관 703호 <강의실> 화(15:00~16:15) / 목(15:00~16:15)
582,서울,소비자행동론,경영경제대학경영학부(서울),한승희,310관 704호 <강의실> 월(10:30~11:45) / 수(10:30~11:45)
583,서울,소비자행동론,경영경제대학경영학부(서울),한승희,310관 602호 <강의실> 월(09:00~10:15) / 수(09:00~10:15)
584,서울,소비자행동론,경영경제대학경영학부(서울),김은호,310관 703호 <강의실> 월(13:30~14:45) / 수(13:30~14:45)
585,서울,소비자행동론,경영경제대학경영학부(서울),김은호,310관 701호 <강의실> 월(15:00~16:15) / 수(15:00~16:15)
586,서울,소비자행동론,경영경제대학경영학부(서울),이미라,310관 802호 <강의실> 화(13:30~14:45) / 목(13:30~14:45)
587,서울,소비자행동론,경영경제대학경영학부(서울),이미라,310관 802호 <강의실> 화(15:00~16:15) / 목(15:00~16:15)
588,서울,소비자행동론,경영경제대학지식경영학부,이일한,"310관 605호 <강의실> 화11,12,13"
589,서울,소비자행동론,경영경제대학지식경영학부,이일한,"310관 505호 <강의실> 목11,12,13"
590,서울,소비자행동론,경영경제대학지식경영학부,설도원,"310관 412호 <강의실> 수11,12,13"
591,서울,소비자행동론,경영경제대학지식경영학부,임동진,"310관 505호 <강의실> 토8,9,10"
592,서울,소비자행동론,경영전문대학원CAU-Leader MBA,한승희,310관 904호 <첨단강의실> 수(19:00~20:15) / 수(20:30~21:45)
593,서울,소자본 서비스 창업과 인적자원관리(종합설계),대학(전체)창업학융합전공,박종석,"310관 612호 <강의실> 수4,5,6"
594,서울,소프트웨어공학,소프트웨어대학소프트웨어학부,이찬근,"310관 728호 <강의실> / 729호 <강의실> 수5,6 / 월5"
595,서울,소프트웨어공학,소프트웨어대학소프트웨어학부,이찬근,"310관 726호 <강의실> / 727호 <강의실> 수8 / 월7,8"
596,서울,소프트웨어공학,소프트웨어대학소프트웨어학부,김명호,"310관 B311호  월7,8,9"
597,서울,소프트웨어코딩과적용,대학(전체),이기성,"310관 B310호  화7,8,9"
598,서울,소프트웨어코딩과적용,대학(전체),김영민,"310관 B310호  월4,5,6"
599,서울,소프트웨어프로젝트,소프트웨어대학소프트웨어학부,박재현,"310관 B310호  목5,6 / 금6"
600,서울,소프트웨어프로젝트,소프트웨어대학소프트웨어학부,박창윤,"310관 B312호  월5 / 수5,6"
601,서울,소프트웨어프로젝트,소프트웨어대학소프트웨어학부,박창윤,"310관 B312호  월7,8 / 수8"
602,서울,소프트웨어프로젝트,소프트웨어대학소프트웨어학부,이남규,"310관 620호 <강의실> / B310호  금3,4 / 금5"
603,서울,소프트웨어프로젝트,소프트웨어대학소프트웨어학부,이남규,"310관 622호 <강의실> / B310호  수9,10 / 수11"
604,서울,수리통계학,대학원통계학과,임예지,"310관 410호 (화7,8,9)"
605,서울,수리통계학(1),경영경제대학응용통계학과,곽일엽,310관 602호 <강의실> 화(13:30~14:45) / 목(13:30~14:45)
606,서울,수리통계학(1),경영경제대학응용통계학과,김원국,310관 602호 <강의실> 월(15:00~16:15) / 수(15:00~16:15)
607,서울,수문학,공과대학사회기반시스템공학부,전창현,"310관 523호 <강의실> 화7,8,9"
608,서울,수문학,공과대학사회기반시스템공학부,전창현,"310관 321호 <강의실> 목7,8,9"
609,서울,수치해석,소프트웨어대학소프트웨어학부,이창하,"310관 726호 <강의실> 화3,4 / 목3"
610,서울,수치해석,공과대학화학신소재공학부,이철진,"310관 312호 <강의실> 월7 / 수7,8"
611,서울,수치해석,소프트웨어대학소프트웨어학부,이창하,"310관 613호 <강의실> / 726호 <강의실> 목5,6 / 화6"
612,서울,수치해석,공과대학화학신소재공학부,이철진,"310관 315호 <강의실> / 421호 <강의실> 월5 / 수5,6"
613,서울,수치해석,소프트웨어대학소프트웨어학부,박경주,"310관 622호 <강의실> 화7,8,9"
614,서울,수치해석,공과대학건축학부,이송희,"310관 523호 <강의실> 금7,8,9"
615,서울,수치해석,공과대학기계공학부,김석민,"310관 519호 <강의실> 화3,4 / 목3"
616,서울,수치해석,공과대학기계공학부,인정빈,"310관 417호 <강의실> 화3,4 / 목3"
617,서울,수치해석,공과대학기계공학부,최해진,"310관 520호 <강의실> 화3,4 / 목3"
618,서울,스마트 경영,경영전문대학원CAU-Leader MBA,김태하,310관 901호 <첨단강의실> 토(18:00~19:15) / 토(19:25~20:40)
619,서울,스마트경영,경영경제대학경영학부(서울),김태하,"310관 928호 <강의실> 금1,2,3"
620,서울,스마트전기화학 시스템공학,창의ICT공과대학융합공학부,김수길,310관 602호 <강의실> 월(10:30~11:45) / 수(10:30~11:45)
621,서울,스마트전력전송,창의ICT공과대학전자전기공학부,문운철,"310관 616호 <강의실> / 619호 <강의실> 금3,4 / 화4"
622,서울,스토리텔링 콘텐츠 제작 실습,창의ICT공과대학융합교양학부,전종운,"310관 622호 <강의실> 수5,6"
623,서울,스토리텔링의 이해,창의ICT공과대학융합교양학부,전종운,"310관 622호 <강의실> 수7,8"
624,서울,시계열분석론,경영경제대학응용통계학과,김삼용,310관 703호 <강의실> 화(10:30~11:45) / 목(10:30~11:45)
625,서울,시계열분석특론,대학원통계학과,김삼용,"310관 410호 (화11,12,13)"
626,서울,시적인간의세계읽기,대학(전체),류찬열,"310관 420호 <강의실> 토5,6,7"
627,서울,식물과문명,대학(전체),최재희,"310관 B603호 <대형강의실> 화1,2,3"
628,서울,식품과건강,대학(전체),조유란,"310관 B601호 <대형강의실> 월1,2,3"
629,서울,식품과건강,대학(전체),권상희,"310관 920호 <강의실> 토1,2,3"
630,서울,신뢰성공학,공과대학에너지시스템 공학부,김만철,"310관 902호 <첨단강의실> 수7,8,9"
631,서울,신소재응용구조설계,공과대학기계공학부,장승환,"310관 520호 <강의실> 화8 / 목7,8"
632,서울,신호및시스템,창의ICT공과대학융합공학부,최종원,"310관 731호 <강의실> 수7,8,9"
633,서울,신호및시스템,창의ICT공과대학전자전기공학부,장태규,"310관 613호 <강의실> / 616호 <강의실> 화7,8 / 목7"
634,서울,신호및시스템,창의ICT공과대학전자전기공학부,심덕선,"310관 613호 <강의실> / 616호 <강의실> 목7 / 화7,8"
635,서울,신호및시스템,창의ICT공과대학전자전기공학부,이정우,"310관 617호 <강의실> 화7,8 / 목7"
636,서울,신호및시스템,창의ICT공과대학전자전기공학부,최대현,"310관 613호 <강의실> / 723호 <강의실> 목8 / 화7,8"
637,서울,신호및시스템제어,공과대학에너지시스템 공학부,김원희,310관 419호 <강의실> 월(10:30~11:45) / 수(10:30~11:45)
638,서울,아시아문화탐구,대학(전체),유봉구,"310관 B602호 <대형강의실> 월4,5,6"
639,서울,아이디어와엔터테인먼트콘텐츠,대학(전체),김소영,"310관 B603호 <대형강의실> 수7,8,9"
640,서울,아카데믹한국어3,대학(전체),윤새롬,"310관 705호 <강의실> 화10,11"
641,서울,알고리즘,소프트웨어대학소프트웨어학부,김대원,"310관 728호 <강의실> 화5,6 / 금6"
642,서울,알고리즘,소프트웨어대학소프트웨어학부,김대원,"310관 728호 <강의실> 화7 / 금7,8"
643,서울,알고리즘,소프트웨어대학소프트웨어학부,김은우,"310관 726호 <강의실> 월2 / 수1,2"
644,서울,알고리즘,소프트웨어대학소프트웨어학부,김은우,"310관 726호 <강의실> 월9,10,11"
645,서울,알파 프로토타입,대학(전체)게임·인터렉티브미디어융합전공,이지은,"310관 513호 <강의실> 수10,11,12"
646,서울,암호와 인증,대학(전체)사이버보안융합전공,이기혁,"310관 505호 <강의실> 목4,5,6"
647,서울,앙트레프레너십시대의회계,대학(전체),한형성,"310관 417호 <강의실> 월3,4"
648,서울,앙트레프레너십시대의회계,대학(전체),김보영,"310관 310호 <강의실> 월5,6"
649,서울,앙트레프레너십시대의회계,대학(전체),박인선,"310관 726호 <강의실> 수5,6"
650,서울,앙트레프레너십시대의회계,대학(전체),한형성,"310관 310호 <강의실> 수5,6"
651,서울,앙트레프레너십시대의회계,대학(전체),한형성,"310관 702호 <강의실> 화5,6"
652,서울,앙트레프레너십시대의회계,대학(전체),김보영,"310관 803호 <강의실> 화5,6"
653,서울,앙트레프레너십시대의회계,대학(전체),김보영,"310관 517호 <강의실> 화10,11"
654,서울,앙트레프레너십시대의회계,대학(전체),육지훈,"310관 801호 <강의실> 화10,11"
655,서울,에너지계측공학,공과대학에너지시스템 공학부,김민성,310관 419호 <강의실> 화(09:00~10:15) / 목(09:00~10:15)
656,서울,에너지공학개론,공과대학에너지시스템 공학부,강동원,310관 419호 <강의실> 화(10:30~11:45) / 목(10:30~11:45)
657,서울,에너지공학개론,공과대학에너지시스템 공학부,김동억,310관 419호 <강의실> 화(12:00~13:15) / 목(12:00~13:15)
658,서울,에너지기초세미나,공과대학에너지시스템 공학부,문장혁,310관 419호 <강의실> 수9
659,서울,에너지나노소재공학,창의ICT공과대학융합공학부,윤성훈,310관 602호 <강의실> 월(12:00~13:15) / 수(12:00~13:15)
660,서울,에너지시스템설계기초,공과대학에너지시스템 공학부,최유조,"310관 419호 <강의실> 금1,2,3"
661,서울,에너지와 환경,공과대학에너지시스템 공학부,조청원,310관 420호 <강의실> 월(15:00~16:15) / 수(15:00~16:15)
662,서울,에너지와 환경,공과대학에너지시스템 공학부,조청원,310관 420호 <강의실> 월(16:30~17:45) / 수(16:30~17:45)
663,서울,엔터테인먼트마케팅,경영전문대학원CAU-Leader MBA,최인혁,310관 903호 <첨단강의실> 토(15:00~16:15) / 토(16:30~17:45)
664,서울,엔터테인먼트전략세미나,대학원경영학과,임성준,"310관 904호 <첨단강의실> 수7,8,9"
665,서울,여성건강과영양관리,대학(전체),이지은,"310관 620호 <강의실> 목1,2"
666,서울,연구조사방법론I,대학원융합보안학과,김협,"310관 512호  수11,12,13"
667,서울,연극과뮤지컬,대학(전체),최민지,"310관 B602호 <대형강의실> 수7,8,9"
668,서울,연속체역학,대학원기계공학과,최승태,"310관 422호 <강의실> 화4,5,6"
669,서울,열 및 물질전달,공과대학에너지시스템 공학부,김신,310관 419호 <강의실> 월(09:00~10:15) / 수(09:00~10:15)
670,서울,열시스템설계,공과대학기계공학부,김태국,"310관 518호 <강의실> / 520호 <강의실> 수6 / 월5,6"
671,서울,열역학(1),공과대학기계공학부,김동규,"310관 414호 <강의실> 화3,4 / 목3"
672,서울,열역학(1),공과대학기계공학부,유재영,"310관 517호 <강의실> 화3,4 / 목3"
673,서울,열역학(1),공과대학기계공학부,이형순,"310관 518호 <강의실> 화3,4 / 목3"
674,서울,열역학(1),공과대학기계공학부,인정빈,"310관 517호 <강의실> 화6 / 목5,6"
675,서울,열유체역학,공과대학에너지시스템 공학부,김정환,310관 521호 <강의실> 월(13:30~14:45) / 수(13:30~14:45)
676,서울,영어교과논리및논술,교육대학원교육학과,이호,310관 421호 <강의실> 목(18:30~19:50)
677,서울,영어교육론,교육대학원교육학과,김태영,310관 422호 <강의실> 목(18:30~19:50)
678,서울,영어쓰기지도법,교육대학원교육학과,이지영,310관 421호 <강의실> 목(20:00~21:20)
679,서울,영어학개론,교육대학원교육학과,김지영,310관 422호 <강의실> 목(20:00~21:20)
680,서울,영유아문제행동지도,교육대학원교육학과,김수연,310관 602호 <강의실> 목(20:00~21:20)
681,서울,영유아신체발달및생리,교육대학원교육학과,홍광석,310관 601호 <강의실> 화(18:30~19:50) / 화(21:30~22:50)
682,서울,영유아심리검사이론및실습,교육대학원교육학과,이지연,310관 601호 <강의실> 목(18:30~19:50) / 목(21:30~22:50)
683,서울,영유아응급처치및안전교육,교육대학원교육학과,전희준,310관 602호 <강의실> 화(20:00~21:20)
684,서울,예측론,대학원통계학과,성병찬,"310관 410호 (수7,8,9)"
685,서울,오늘의 독일,인문대학유럽문화학부,전창배,"310관 705호 <강의실> 월7,8,9"
686,서울,우주의이해,대학(전체),한상준,"310관 B501호 <대형강의실> 목7,8,9"
687,서울,운영관리,경영경제대학경영학부(서울),손지윤,310관 927호 <강의실> 화(13:30~14:45) / 목(13:30~14:45)
688,서울,운영관리,경영경제대학경영학부(서울),서용원,310관 927호 <강의실> 월(13:30~14:45) / 수(13:30~14:45)
689,서울,운영체제,소프트웨어대학소프트웨어학부,박재현,"310관 728호 <강의실> 월3,4 / 금3"
690,서울,운영체제,소프트웨어대학소프트웨어학부,박재현,"310관 728호 <강의실> 화3,4 / 금4"
691,서울,원가회계,경영경제대학지식경영학부,육지훈,"310관 920호 <강의실> 월11,12,13"
692,서울,원가회계,경영경제대학경영학부(서울),조태현,310관 925호 <강의실> 화(09:00~10:15) / 목(09:00~10:15)
693,서울,원가회계,경영경제대학지식경영학부,나선욱,"310관 513호 <강의실> 금11,12,13"
694,서울,원가회계,경영경제대학경영학부(서울),조태현,310관 925호 <강의실> 화(10:30~11:45) / 목(10:30~11:45)
695,서울,원가회계,경영경제대학지식경영학부,나선욱,"310관 605호 <강의실> 토1,2,3"
696,서울,원가회계,경영경제대학경영학부(서울),조태현,310관 927호 <강의실> 월(15:00~16:15) / 수(15:00~16:15)
697,서울,원가회계,경영경제대학지식경영학부,정아름,"310관 818호 <강의실> 목11,12,13"
698,서울,원가회계,경영경제대학경영학부(서울),박선영,310관 722호 <강의실> 월(10:30~11:45) / 수(10:30~11:45)
699,서울,원가회계,경영경제대학경영학부(서울),박선영,310관 701호 <강의실> 월(12:00~13:15) / 수(12:00~13:15)
700,서울,원자력공학개론,공과대학에너지시스템 공학부,정동욱,310관 519호 <강의실> 화(15:00~16:15) / 목(15:00~16:15)
701,서울,원자로동력학및제어,공과대학에너지시스템 공학부,김만철,"310관 421호 <강의실> 월7,8,9"
702,서울,웨어러블 디바이스용 집적회로설계,창의ICT공과대학전자전기공학부,백광현,"310관 723호 <강의실> 화2 / 목1,2"
703,서울,위험사회의웰빙사이언스,대학(전체),김양지,"310관 B502호 <대형강의실> 화4,5,6"
704,서울,유기광전자소자 공학,대학원융합공학과,백태종,"310관 731호 <강의실> 금4,5,6"
705,서울,유기재료,공과대학화학신소재공학부,박광용,"310관 312호 <강의실> / 514호 <강의실> 월3,4 / 수4"
706,서울,유기화학,창의ICT공과대학융합공학부,박한수,310관 729호 <강의실> 월(15:00~16:15) / 수(15:00~16:15)
707,서울,유기화학(1),공과대학화학신소재공학부,강은아,"310관 420호 <강의실> / 618호 <강의실> 목3,4 / 화3"
708,서울,유기화학(1),공과대학화학신소재공학부,강은아,"310관 316호 <강의실> 화5,6 / 목5"
709,서울,유연구조물의동적해석및응용,대학원기계공학과,석종원,"310관 520호 <강의실> 화9,10,11"
710,서울,유체역학(2),공과대학기계공학부,유재영,"310관 519호 <강의실> 월7 / 수7,8"
711,서울,유체역학(2),공과대학기계공학부,유홍선,"310관 316호 <강의실> 월7 / 수7,8"
712,서울,유체역학(2),공과대학기계공학부,이성혁,"310관 520호 <강의실> 월7 / 수7,8"
713,서울,유통채널관리,경영경제대학경영학부(서울),김현철,310관 928호 <강의실> 월(12:00~13:15) / 수(12:00~13:15)
714,서울,유통채널관리,경영경제대학경영학부(서울),이일한,310관 928호 <강의실> 월(15:00~16:15) / 수(15:00~16:15)
715,서울,유한요소해석,공과대학에너지시스템 공학부,문장혁,"310관 701호 (월13:30~14:45, 수13:30~14:45)"
716,서울,융합소재과학,창의ICT공과대학융합공학부,표성규,310관 618호 <강의실> 월(10:30~11:45) / 수(10:30~11:45)
717,서울,융합양자개론,창의ICT공과대학융합공학부,하돈형,310관 618호 <강의실> 화(13:30~14:45) / 목(13:30~14:45)
718,서울,융합열역학개론,창의ICT공과대학융합공학부,김태형,310관 729호 <강의실> 화(16:30~17:45) / 목(16:30~17:45)
719,서울,융합응용수학(1),창의ICT공과대학융합공학부,황병일,310관 729호 <강의실> 화(13:30~14:45) / 목(13:30~14:45)
720,서울,융합응용수학(1),창의ICT공과대학융합공학부,황병일,310관 729호 <강의실> 화(15:00~16:15) / 목(15:00~16:15)
721,서울,음악의세계와감상,대학(전체),최수빈,"310관 B502호 <대형강의실> 화1,2,3"
722,서울,음악의세계와감상,대학(전체),최수빈,"310관 B502호 <대형강의실> 화7,8,9"
723,서울,음악의세계와감상,대학(전체),최수빈,"310관 B502호 <대형강의실> 목4,5,6"
724,서울,음악의세계와감상,대학(전체),최수빈,"310관 B502호 <대형강의실> 목7,8,9"
725,서울,음악의세계와감상,대학(전체),정환호,"310관 312호 <강의실> 토6,7,8"
726,서울,응용회로이론,창의ICT공과대학융합공학부,손형빈,"310관 730호 <강의실> 월4,5,6,7"
727,서울,의약의역사,대학(전체),정병욱,"310관 B603호 <대형강의실> 화4,5,6"
728,서울,의약의역사,대학(전체),정병욱,"310관 B603호 <대형강의실> 화7,8,9"
729,서울,의약의역사,대학(전체),정병욱,"310관 B601호(수4,5,6)"
730,서울,이동통신,창의ICT공과대학전자전기공학부,조용수,"310관 613호 <강의실> 화3,4 / 목4"
731,서울,이미지 테크놀로지 제작실습,대학(전체)테크놀로지아트융합전공,임양규,"310관 B310호  화10,11,12"
732,서울,이미지인문학,창의ICT공과대학융합교양학부,김휘택,"310관 620호 <강의실> 화5,6"
733,서울,인간과미생물,대학(전체),신은경,"310관 B601호 <대형강의실> 월4,5,6"
734,서울,인간과미생물,대학(전체),김한영,"310관 B603호 <대형강의실> 목4,5,6"
735,서울,인간중심 보안,대학원융합보안학과,김정덕,"310관 512호  토1,2,3"
736,서울,인간행동과심리,대학(전체),권영실,"310관 619호 <강의실> 목7,8,9"
737,서울,인간행동과심리,대학(전체),구재선,"310관 611호 <강의실> 토1,2,3"
738,서울,인간행동과심리,대학(전체),구재선,"310관 611호 <강의실> 토5,6,7"
739,서울,인간행동과심리,대학(전체),권영실,"310관 818호 <강의실> 토5,6,7"
740,서울,인공지능기반의료,대학원융합공학과,나도균,"310관 730호 <강의실> 화4,5,6"
741,서울,인공지능기술의이해와적용,대학(전체),신재진,"310관 B501호 <대형강의실> 금8,9"
742,서울,인적자원관리,경영경제대학경영학부(서울),신덕정,310관 804호 <강의실> 월(10:30~11:45) / 수(10:30~11:45)
743,서울,인적자원관리,경영경제대학경영학부(서울),이종건,"310관 926호 <강의실> 금4,5,6"
744,서울,인적자원관리,경영경제대학경영학부(서울),한주희,310관 603호 <강의실> 화(10:30~11:45) / 목(10:30~11:45)
745,서울,인적자원관리,경영경제대학경영학부(서울),이종건,"310관 925호 <강의실> 금7,8,9"
746,서울,인적자원관리,경영경제대학경영학부(서울),한주희,310관 925호 <강의실> 화(13:30~14:45) / 목(13:30~14:45)
747,서울,일반물리(1),창의ICT공과대학전자전기공학부,윤옥자,"310관 613호 <강의실> 수3 / 금3,4"
748,서울,일반물리(1),소프트웨어대학소프트웨어학부,박순용,"310관 727호 <강의실> 월2 / 수1,2"
749,서울,일반물리(1),소프트웨어대학소프트웨어학부,이근중,"310관 616호 <강의실> / 620호 <강의실> 목1,2 / 화2"
750,서울,일반물리(1),창의ICT공과대학전자전기공학부,김진우,"310관 619호 <강의실> 화5,6 / 목5"
751,서울,일반물리(1),창의ICT공과대학전자전기공학부,이근중,"310관 723호 <강의실> 화3 / 목3,4"
752,서울,일반물리(1),소프트웨어대학소프트웨어학부,하창현,"310관 622호 <강의실> / 726호 <강의실> 월3 / 금3,4"
753,서울,일반물리학(1),공과대학기계공학부,김진우,"310관 518호 <강의실> 목7,8"
754,서울,일반물리학(1),공과대학사회기반시스템공학부,윤옥자,"310관 414호 <강의실> 금7,8"
755,서울,일반물리학(1),공과대학건축학부,김진우,"310관 521호 <강의실> 월7,8"
756,서울,일반물리학(1),공과대학화학신소재공학부,이동원,"310관 312호 <강의실> 목5,6"
757,서울,일반물리학(1),공과대학기계공학부,이동원,"310관 514호 <강의실> 목1,2"
758,서울,일반물리학(1),공과대학사회기반시스템공학부,김진우,"310관 417호 <강의실> 화1,2"
759,서울,일반물리학(1),공과대학기계공학부,윤옥자,"310관 518호 <강의실> 목1,2"
760,서울,일반화학(1),공과대학기계공학부,한승수,"310관 517호 <강의실> 금5,6"
761,서울,일반화학(1),공과대학사회기반시스템공학부,박희중,"310관 414호 <강의실> 화1,2"
762,서울,일반화학(1),공과대학화학신소재공학부,박희중,"310관 312호 <강의실> 화7,8"
763,서울,일반화학(1),공과대학건축학부,한승수,"310관 521호 <강의실> 수7,8"
764,서울,일반화학(1),공과대학기계공학부,박성훈,"310관 519호 <강의실> 금5,6"
765,서울,일반화학(1),공과대학사회기반시스템공학부,홍성관,"310관 421호 <강의실> 수3,4"
766,서울,일반화학(1),공과대학기계공학부,한승수,"310관 518호 <강의실> 수3,4"
767,서울,일반화학(1),창의ICT공과대학전자전기공학부,한승수,"310관 613호 <강의실> 금7,8,9"
768,서울,일반화학(1),창의ICT공과대학전자전기공학부,정재환,"310관 613호 <강의실> / 723호 <강의실> 수5,6 / 월6"
769,서울,임금관리,경영경제대학경영학부(서울),정연앙,"310관 932호 <강의실> 금1,2,3"
770,서울,임금관리,경영경제대학경영학부(서울),정연앙,"310관 932호 <강의실> 금7,8,9"
771,서울,자동제어,공과대학기계공학부,김태형,"310관 514호 <강의실> 금3,4,5"
772,서울,자동제어,공과대학기계공학부,김태형,"310관 514호 <강의실> 금6,7,8"
773,서울,자료구조,소프트웨어대학소프트웨어학부,강현철,"310관 726호 <강의실> / 727호 <강의실> 월5 / 수5,6"
774,서울,자료구조,소프트웨어대학소프트웨어학부,강현철,"310관 726호 <강의실> / 727호 <강의실> 월7,8 / 수8"
775,서울,자료구조,소프트웨어대학소프트웨어학부,김무철,"310관 620호 <강의실> 월3,4 / 수3"
776,서울,자료구조,소프트웨어대학소프트웨어학부,김승태,"310관 726호 <강의실> 목10,11,12"
777,서울,자료구조,소프트웨어대학소프트웨어학부,신재진,"310관 728호 <강의실> 목10,11,12"
778,서울,자료분석 및 의사결정론,경영전문대학원CAU-Leader MBA,박해철,310관 903호 <첨단강의실> 수(19:00~20:15) / 수(20:30~21:45)
779,서울,자료분석론(1),경영경제대학응용통계학과,박경옥,"310관 410호 <응용통계학과 실습실> 목1,2,3"
780,서울,자료분석론(1),경영경제대학응용통계학과,박경옥,"310관 410호 <응용통계학과 실습실> 목7,8,9"
781,서울,자연어처리 및 정보검색,소프트웨어대학소프트웨어학부,정재은,"310관 728호 <강의실> 수7,8,9"
782,서울,자원환경경제학,경영경제대학경제학부(서울),김태진,"310관 721호 <강의실> 금7,8,9"
783,서울,재료과학,공과대학기계공학부,최승태,"310관 514호 <강의실> 화7 / 목7,8"
784,서울,재료과학,공과대학기계공학부,최명기,"310관 520호 <강의실> 월8,9,10"
785,서울,재료과학,공과대학기계공학부,조민행,"310관 519호 <강의실> 월8,9,10"
786,서울,재료역학,공과대학사회기반시스템공학부,장경호,"310관 321호 <강의실> 월5,6"
787,서울,재무경제학,경영경제대학경제학부(서울),서상원,310관 505호 <강의실> 화(10:30~11:45) / 목(10:30~11:45)
788,서울,재무경제학,경영경제대학경제학부(서울),윤재선,"310관 721호 <강의실> 목7,8,9"
789,서울,재무관리,경영경제대학경영학부(서울),김동순,"310관 927호 (월10:30~11:45, 수10:30~11:45)"
790,서울,재무관리,경영경제대학경영학부(서울),김태현,310관 922호 <강의실> 화(13:30~14:45) / 목(13:30~14:45)
791,서울,재무관리,경영경제대학경영학부(서울),이관영,310관 310호 <강의실> 월(15:00~16:15) / 수(15:00~16:15)
792,서울,재무관리,경영경제대학경영학부(서울),이관영,310관 310호 <강의실> 월(16:30~17:45) / 수(16:30~17:45)
793,서울,재무관리,경영경제대학경영학부(서울),정준영,310관 925호 <강의실> 월(13:30~14:45) / 수(13:30~14:45)
794,서울,재무관리,경영경제대학경영학부(서울),허석균,310관 922호 <강의실> 월(10:30~11:45) / 수(10:30~11:45)
795,서울,재무관리,경영경제대학경영학부(서울),김태현,310관 704호 <강의실> 화(15:00~16:15) / 목(15:00~16:15)
796,서울,재무관리,경영경제대학경영학부(서울),유시용,"310관 702호 <강의실> 월1,2,3 / 수1,2,3"
797,서울,재무관리,경영전문대학원CAU-Leader MBA,이관영,310관 901호 <첨단강의실> 토(12:00~13:15) / 토(13:30~14:45)
798,서울,재무론특수연구,대학원경영학과,정준영,"310관 932호 <강의실> 화11,12,13"
799,서울,재무회계,경영경제대학지식경영학부,모경원,"310관 B501호 <대형강의실> 목11,12,13"
800,서울,재무회계,경영전문대학원CAU-Leader MBA,모경원,310관 902호 <첨단강의실> 화(19:00~20:15) / 화(20:30~21:45)
801,서울,재무회계이론,대학원회계학과,최국현,"310관 922호 <강의실> 화10,11,12"
802,서울,재정학,경영경제대학경제학부(서울),이수련,310관 819호 <강의실> 화(09:00~10:15) / 목(09:00~10:15)
803,서울,재정학,경영경제대학경제학부(서울),김태진,"310관 505호 <강의실> 금4,5,6"
804,서울,전기기기및응용,창의ICT공과대학전자전기공학부,정태경,"310관 616호 <강의실> 월5,6 / 수6"
805,서울,전기수학,창의ICT공과대학전자전기공학부,심덕선,"310관 617호 <강의실> / 619호 <강의실> 화3 / 목3,4"
806,서울,전기수학,창의ICT공과대학전자전기공학부,백창욱,"310관 616호 <강의실> / 619호 <강의실> 목3,4 / 화3"
807,서울,전기수학,창의ICT공과대학전자전기공학부,유성욱,"310관 617호 <강의실> 화4 / 목3,4"
808,서울,전기수학,창의ICT공과대학전자전기공학부,최대현,"310관 617호 <강의실> / 619호 <강의실> 목1,2 / 화2"
809,서울,전기화학에너지변환,대학원융합공학과,김수길,"310관 731호 <강의실> 화7,8,9"
810,서울,전략적 인적자원관리,경영전문대학원CAU-Leader MBA,정연앙,310관 903호 <첨단강의실> 토(09:00~10:15) / 토(10:30~11:45)
811,서울,전력전자공학,창의ICT공과대학전자전기공학부,곽상신,"310관 619호 <강의실> / 723호 <강의실> 수7,8 / 금8"
812,서울,전산열유체해석,공과대학에너지시스템 공학부,김정환,310관 521호 <강의실> 월(12:00~13:15) / 수(12:00~13:15)
813,서울,전자기학,창의ICT공과대학전자전기공학부,김호성,"310관 616호 <강의실> / 619호 <강의실> 월3 / 수3,4"
814,서울,전자기학,창의ICT공과대학전자전기공학부,김정필,"310관 613호 <강의실> / 616호 <강의실> 월1 / 수1,2"
815,서울,전자기학,창의ICT공과대학전자전기공학부,최우준,"310관 616호 <강의실> / 619호 <강의실> 수7 / 금7,8"
816,서울,전자기학,창의ICT공과대학전자전기공학부,김정필,"310관 619호 <강의실> / 723호 <강의실> 월7,8 / 수8"
817,서울,전자기학,공과대학에너지시스템 공학부,김용주,"310관 420호 <강의실> 금1,2,3"
818,서울,전자정보 보안기술,경영경제대학산업보안학과,양승호,"310관 701호 <강의실> 금7,8,9"
819,서울,전자회로,창의ICT공과대학전자전기공학부,김창일,"310관 617호 <강의실> / 723호 <강의실> 수5,6 / 월5"
820,서울,전자회로,창의ICT공과대학전자전기공학부,백동현,"310관 617호 <강의실> / 619호 <강의실> 화1 / 목1,2"
821,서울,전자회로,창의ICT공과대학전자전기공학부,이한림,"310관 613호 <강의실> / 616호 <강의실> 수7 / 금7,8"
822,서울,전자회로,창의ICT공과대학전자전기공학부,박수현,"310관 616호 <강의실> / 723호 <강의실> 금5 / 수5,6"
823,서울,정보보호관리체계,보안대학원산업융합보안학과,박태완,310관 802호 <강의실> 토(13:00~14:20)
824,서울,정보보호이론,소프트웨어대학소프트웨어학부,김성권,"310관 727호 <강의실> 화1,2 / 목2"
825,서울,정보보호이론,소프트웨어대학소프트웨어학부,김성권,"310관 727호 <강의실> 화5,6 / 목5"
826,서울,정보통신기술Ⅰ,경영경제대학산업보안학과,신동천,"310관 605호 <강의실> 목7,8,9"
827,서울,제조공학실험,공과대학기계공학부,오세훈,"310관 518호 (금0,1,2,3,4,5)"
828,서울,제품관리,경영경제대학경영학부(서울),안대용,310관 809호 <컴퓨터실습실-3> 화(13:30~14:45) / 목(13:30~14:45)
829,서울,제품관리,경영경제대학경영학부(서울),안대용,310관 809호 <컴퓨터실습실-3> 화(15:00~16:15) / 목(15:00~16:15)
830,서울,조기영어연구방법론,교육대학원교육학과,이장호,310관 730호 <강의실> 목(18:30~19:50)
831,서울,조기영어커리큘럼2,교육대학원교육학과,이유진,310관 731호 <강의실> 목(20:00~21:20)
832,서울,조직과정과 인간행동,경영전문대학원CAU-Leader MBA,김효선,310관 901호 <첨단강의실> 월(19:00~20:15) / 월(20:30~21:45)
833,서울,조직행동론,경영경제대학경영학부(서울),전병준,"310관 927호 <강의실> 금1,2,3"
834,서울,조직행동론,경영경제대학경영학부(서울),김효선,"310관 819호 <강의실> 월7,8,9"
835,서울,조직행동론,경영경제대학경영학부(서울),김효선,"310관 819호 <강의실> 수7,8,9"
836,서울,조직행동론,경영경제대학경영학부(서울),차운아,310관 922호 <강의실> 월(13:30~14:45) / 수(13:30~14:45)
837,서울,조직행동론,경영경제대학경영학부(서울),차운아,310관 921호 <강의실> 월(15:00~16:15) / 수(15:00~16:15)
838,서울,조직행동론,경영경제대학경영학부(서울),공혜원,"310관 804호 <강의실> 월4,5,6"
839,서울,조직행동론,경영경제대학경영학부(서울),황성주,310관 721호 <강의실> 화(10:30~11:45) / 목(10:30~11:45)
840,서울,조직행동론,경영경제대학경영학부(서울),이수연,"310관 721호 <강의실> 수4,5,6"
841,서울,주거와행태,공과대학건축학부,손세관,"310관 521호 <강의실> 월1,2,3"
842,서울,중국경제의 이해,경영전문대학원CAU-Leader MBA,전병서,310관 903호 <첨단강의실> 목(19:00~20:15) / 목(20:30~21:45)
843,서울,중국고대의문명과동아시아의문화,인문대학역사학과,이춘복,"310관 705호 <강의실> 화7,8,9"
844,서울,중국문학과예술,대학(전체),유봉구,"310관 B601호 <대형강의실> 목4,5,6"
845,서울,중국어(초급),대학(전체),나상진,"310관 920호 <강의실> 토5,6,7"
846,서울,중급재무회계(1),경영경제대학경영학부(서울),박선영,"310관 311호 <강의실> 화7,8,9"
847,서울,중급재무회계(Ⅰ),경영경제대학경영학부(서울),전영순,310관 603호 <강의실> 화(15:00~16:15) / 목(15:00~16:15)
848,서울,중급재무회계(Ⅰ),경영경제대학경영학부(서울),정도진,310관 601호 <강의실> 월(16:30~17:45) / 수(16:30~17:45)
849,서울,중급재무회계(Ⅰ),경영경제대학경영학부(서울),강선민,"310관 920호 <강의실> 금4,5,6"
850,서울,중급재무회계(Ⅰ),경영경제대학경영학부(서울),모경원,310관 818호 <강의실> 월(10:30~11:45) / 수(10:30~11:45)
851,서울,중급재무회계(Ⅰ),경영경제대학경영학부(서울),육지훈,310관 505호 <강의실> 월(13:30~14:45) / 수(13:30~14:45)
852,서울,중급재무회계(Ⅱ),경영경제대학경영학부(서울),황인태,"310관 926호 <강의실> 금1,2,3"
853,서울,중급재무회계(Ⅱ),경영경제대학경영학부(서울),박재환,310관 920호 <강의실> 화(10:30~11:45) / 목(10:30~11:45)
854,서울,중앙인과한국사회,대학(전체),오창은,"310관 B601호 <대형강의실> 화7,8,9"
855,서울,지능형 사물 인터넷,창의ICT공과대학전자전기공학부,박세현,"310관 617호 <강의실> / 619호 <강의실> 월5,6 / 수6"
856,서울,지반내진해석,대학원토목공학과.,조성호,"310관 422호 (수10,11,12)"
857,서울,지식경영론,경영경제대학지식경영학부,이한희,"310관 412호 <강의실> 목11,12,13"
858,서울,지식경영론,경영경제대학지식경영학부,권문주,"310관 721호 <강의실> 토1,2,3"
859,서울,지식경영론,경영경제대학지식경영학부,엄혜미,"310관 305호 <강의실> 화11,12,13"
860,서울,지식경영론,경영경제대학지식경영학부,이진실,"310관 305호 <강의실> 토5,6,7"
861,서울,차세대융합 반도체공정,창의ICT공과대학전자전기공학부,권혁인,"310관 617호 <강의실> 화5,6 / 목6"
862,서울,차세대융합 반도체공정,창의ICT공과대학전자전기공학부,김창일,"310관 613호 <강의실> / 617호 <강의실> 월2 / 수1,2"
863,서울,창업투자와 M&A(종합설계),대학(전체)창업학융합전공,함성훈,"310관 601호 <강의실> 목4,5,6"
864,서울,창의ICT공학설계입문,창의ICT공과대학전자전기공학부,김호성,"310관 619호 <강의실> 월9,10,11,12"
865,서울,창의ICT공학설계입문,창의ICT공과대학전자전기공학부,백광현,"310관 723호 <강의실> 목7,8,9,10"
866,서울,창의ICT공학설계입문,창의ICT공과대학전자전기공학부,김호성,"310관 619호 <강의실> 화9,10,11,12"
867,서울,창의와소통,대학(전체),고혜원,"310관 502호 <강의실> 수7,8"
868,서울,창의와소통,대학(전체),유경애,"310관 704호 <강의실> 수7,8"
869,서울,창의와소통,대학(전체),황희선,"310관 705호 <강의실> 수7,8"
870,서울,창의와소통,대학(전체),황희선,"310관 420호 <강의실> 수10,11"
871,서울,창의와소통,대학(전체),고혜원,"310관 601호 <강의실> 수1,2"
872,서울,창의와소통,대학(전체),이정환,"310관 502호 <강의실> 수1,2"
873,서울,창의와소통,대학(전체),고혜원,"310관 928호 <강의실> 목5,6"
874,서울,창의와소통,대학(전체),양선진,"310관 702호 <강의실> 목5,6"
875,서울,창의와소통,대학(전체),김진,"310관 502호 <강의실> 목5,6"
876,서울,창의와소통,대학(전체),최윤경,"310관 925호 <강의실> 금1,2"
877,서울,창의와소통,대학(전체),홍경남,"310관 802호 <강의실> 금1,2"
878,서울,창의와소통,대학(전체),유경애,"310관 803호 <강의실> 금1,2"
879,서울,창의와소통,대학(전체),한수영,"310관 705호 <강의실> 금1,2"
880,서울,창의와소통,대학(전체),최윤경,"310관 925호 <강의실> 금3,4"
881,서울,창의와소통,대학(전체),황희선,"310관 705호 <강의실> 금3,4"
882,서울,창의와소통,대학(전체),유경애,"310관 803호 <강의실> 금3,4"
883,서울,창의와소통,대학(전체),박영선,"310관 721호 <강의실> 금3,4"
884,서울,창의와소통,대학(전체),박영선,"310관 705호 <강의실> 금5,6"
885,서울,창의와소통,대학(전체),홍경남,"310관 802호 <강의실> 금5,6"
886,서울,창의와소통,대학(전체),고혜원,"310관 701호 <강의실> 금5,6"
887,서울,창의적설계,소프트웨어대학소프트웨어학부,이재성,"310관 726호 <강의실> 화7,8,9"
888,서울,창의적설계,소프트웨어대학소프트웨어학부,이재성,"310관 620호 <강의실> 수7,8,9"
889,서울,창의적설계,소프트웨어대학소프트웨어학부,이재성,"310관 726호 <강의실> 금5,6,7"
890,서울,창의적설계,소프트웨어대학소프트웨어학부,손용석,"310관 726호 <강의실> / 727호 <강의실> 월3,4 / 수4"
891,서울,창의적설계,소프트웨어대학소프트웨어학부,손용석,"310관 622호 <강의실> 금3,4,5"
892,서울,창의적설계,소프트웨어대학소프트웨어학부,손용석,"310관 727호 <강의실> 금7,8,9"
893,서울,책읽기와상상력,대학(전체),한수영,"310관 B603호 <대형강의실> 수4,5,6"
894,서울,철근콘크리트공학(1),공과대학사회기반시스템공학부,최성철,"310관 414호 <강의실> 월3 / 수3,4"
895,서울,철근콘크리트공학(1),공과대학사회기반시스템공학부,최성철,"310관 523호 <강의실> 월6 / 수5,6"
896,서울,철학의세계,대학(전체),김선규,"310관 B502호 <대형강의실> 수7,8,9"
897,서울,최고경영자과정(AMP),경영전문대학원최고경영자(AMP)과정,추후배정,"310관 901호 <첨단강의실> 수10,11,12,13"
898,서울,취업역량개발,대학(전체),신상진,"310관 B601호 <대형강의실> 금5,6"
899,서울,취업역량개발,대학(전체),신상진,"310관 B601호 <대형강의실> 금7,8"
900,서울,취업역량개발,대학(전체),신상진,"310관 B501호 <대형강의실> 월3,4"
901,서울,친환경건축계획,공과대학건축학부,문진우,"310관 521호 <강의실> 화5,6 / 금5"
902,서울,카피라이팅,경영경제대학광고홍보학과,조문형,"310관 703호 <강의실> 목4,5,6"
903,서울,카피라이팅,경영경제대학광고홍보학과,조문형,"310관 513호 <강의실> 목7,8,9"
904,서울,캡스톤디자인(1),공과대학기계공학부,김석민,"310관 514호 (토1,2,3,4,5,6)"
905,서울,캡스톤디자인(1),공과대학기계공학부,남우철,"310관 519호 <강의실> 토1,2,3,4,5,6"
906,서울,캡스톤디자인(1),공과대학기계공학부,석종원,"310관 518호 (토1,2,3,4,5,6)"
907,서울,캡스톤디자인(1),공과대학기계공학부,윤기봉,"310관 520호 (토1,2,3,4,5,6)"
908,서울,캡스톤디자인(1),공과대학기계공학부,이상민,"310관 414호 (토1,2,3,4,5,6)"
909,서울,캡스톤디자인(1),공과대학기계공학부,이영석,"310관 521호 (토1,2,3,4,5,6)"
910,서울,캡스톤디자인(1),공과대학기계공학부,인정빈,"310관 418호 (토1,2,3,4,5,6)"
911,서울,캡스톤디자인(1),공과대학기계공학부,조성욱,"310관 517호 <강의실> 토1,2,3,4,5,6"
912,서울,캡스톤디자인(1),공과대학기계공학부,최승태,"310관 315호 (토1,2,3,4,5,6)"
913,서울,캡스톤디자인(1),공과대학기계공학부,최영식,"310관 523호 (토1,2,3,4,5,6)"
914,서울,캡스톤디자인(1),공과대학기계공학부,이성혁,"310관 316호 (토1,2,3,4,5,6)"
915,서울,커리어 관리,경영경제대학지식경영학부,박찬균,"310관 818호 <강의실> 수11,12,13"
916,서울,커리어 관리,경영경제대학지식경영학부,박찬균,"310관 605호 <강의실> 토8,9,10"
917,서울,커리어 관리,경영경제대학지식경영학부,정경균,"310관 721호 <강의실> 금11,12,13"
918,서울,컨테이너물류,경영경제대학국제물류 학과,셀리마틴,310관 505호 <강의실> 화(09:00~10:15) / 목(09:00~10:15)
919,서울,컴파일러,소프트웨어대학소프트웨어학부,김효수,"310관 613호 <강의실> 화1,2 / 목2"
920,서울,컴파일러,소프트웨어대학소프트웨어학부,김효수,"310관 312호 <강의실> 금1,2,3"
921,서울,컴퓨터구조,창의ICT공과대학전자전기공학부,김준성,"310관 616호 <강의실> / 723호 <강의실> 목6 / 화5,6"
922,서울,컴퓨터그래픽스,소프트웨어대학소프트웨어학부,윤경현,"208관(제2공학관) 415호 <데이터사이언스&딥러닝실험실> / 310관 421호 <강의실> 목3 / 화3,4"
923,서울,컴퓨터시스템및어셈블리언어,소프트웨어대학소프트웨어학부,최광남,"310관 620호 <강의실> 화7,8,9"
924,서울,컴퓨팅적사고와문제해결,대학(전체),김소언,"310관 B311호  수1,2"
925,서울,컴퓨팅적사고와문제해결,대학(전체),김영민,"310관 B310호  수1,2"
926,서울,컴퓨팅적사고와문제해결,대학(전체),김소언,"310관 B310호  수3,4"
927,서울,컴퓨팅적사고와문제해결,대학(전체),전주현,"310관 B311호  수3,4"
928,서울,컴퓨팅적사고와문제해결,대학(전체),전주현,"310관 B311호  수5,6"
929,서울,컴퓨팅적사고와문제해결,대학(전체),이민정,"310관 607호 <컴퓨터실습실-1> 목1,2"
930,서울,컴퓨팅적사고와문제해결,대학(전체),전하리,"310관 717호 <컴퓨터실습실-2> 목1,2"
931,서울,컴퓨팅적사고와문제해결,대학(전체),전주현,"310관 B311호  목3,4"
932,서울,컴퓨팅적사고와문제해결,대학(전체),전하리,"310관 717호 <컴퓨터실습실-2> 목3,4"
933,서울,컴퓨팅적사고와문제해결,대학(전체),전주현,"310관 607호 <컴퓨터실습실-1> 목5,6"
934,서울,컴퓨팅적사고와문제해결,대학(전체),전하리,"310관 607호 <컴퓨터실습실-1> 목7,8"
935,서울,컴퓨팅적사고와문제해결,대학(전체),신안나,"310관 717호 <컴퓨터실습실-2> 월7,8"
936,서울,컴퓨팅적사고와문제해결,대학(전체),이민정,"310관 B310호  화3,4"
937,서울,콘텐츠 프로듀싱,대학(전체)게임·인터렉티브미디어융합전공,이지은,"310관 311호 <강의실> 화10,11,12"
938,서울,토목유체역학,공과대학사회기반시스템공학부,조원철,"310관 418호 <강의실> 월7,8,9"
939,서울,토목유체역학,공과대학사회기반시스템공학부,조원철,"310관 418호 <강의실> 수7,8,9"
940,서울,토질역학(1),공과대학사회기반시스템공학부,한중근,"310관 418호 <강의실> 월1,2"
941,서울,토질역학(1),공과대학사회기반시스템공학부,한중근,"310관 421호 <강의실> 월5,6"
942,서울,통계수학(1),경영경제대학응용통계학과,임예지,310관 503호 <강의실> 월(13:30~14:45) / 수(13:30~14:45)
943,서울,통계수학(1),경영경제대학응용통계학과,김용희,"310관 920호 <강의실> 금7,8,9"
944,서울,통계적품질관리,경영경제대학응용통계학과,이재헌,310관 611호 <강의실> 월(15:00~16:15) / 수(15:00~16:15)
945,서울,통계프로그래밍(1),경영경제대학응용통계학과,곽화륜,"310관 410호 <응용통계학과 실습실> 금1,2,3"
946,서울,통계프로그래밍(1),경영경제대학응용통계학과,곽화륜,"310관 410호 <응용통계학과 실습실> 금7,8,9"
947,서울,통계학,대학원경영학과,박정수,"310관 311호 <강의실> 수11,12,13"
948,서울,통계학,공과대학기계공학부,김석민,310관 B501호 <대형강의실> 월1
949,서울,통합적마케팅커뮤니케이션,경영경제대학광고홍보학과,조정식,310관 802호 <강의실> 월(10:30~11:45) / 수(10:30~11:45)
950,서울,통합적마케팅커뮤니케이션,경영경제대학광고홍보학과,조정식,310관 702호 <강의실> 월(15:00~16:15) / 수(15:00~16:15)
951,서울,투자론,경영경제대학지식경영학부,이윤규,"310관 311호 <강의실> 월11,12,13"
952,서울,투자론,경영경제대학경영학부(서울),오규택,310관 927호 <강의실> 월(09:00~10:15) / 수(09:00~10:15)
953,서울,투자론,경영경제대학지식경영학부,조인갑,"310관 311호 <강의실> 금11,12,13"
954,서울,투자론,경영경제대학경영학부(서울),오규택,310관 920호 <강의실> 화(16:30~17:45) / 목(16:30~17:45)
955,서울,투자론,경영경제대학지식경영학부,양태헌,"310관 611호 <강의실> 화11,12,13"
956,서울,투자론,경영경제대학경영학부(서울),오규택,310관 721호 <강의실> 월(10:30~11:45) / 수(10:30~11:45)
957,서울,투자론,경영경제대학지식경영학부,양태헌,"310관 305호 <강의실> 토1,2,3"
958,서울,파생상품,대학(전체)금융공학융합전공,유시용,310관 932호 <강의실> 월(13:30~14:45) / 수(13:30~14:45)
959,서울,파생상품론,경영경제대학경영학부(서울),설홍기,310관 804호 <강의실> 화(10:30~11:45) / 목(10:30~11:45)
960,서울,파이썬 기초 및 머신러닝 실습,자연과학대학수학과,이지훈,"310관 B310호  금1,2,3"
961,서울,파이썬을이용한딥러닝,대학원통계학과,곽일엽,"310관 410호 (수1,2,3)"
962,서울,퍼블릭스피치와프리젠테이션,경영경제대학광고홍보학과,김현희,"310관 611호 <강의실> 목4,5,6"
963,서울,폐기물공학,공과대학사회기반시스템공학부,오재일,"310관 422호 <강의실> 월4,5,6"
964,서울,표본론,경영경제대학응용통계학과,김용희,310관 311호 <강의실> 월(13:30~14:45) / 수(13:30~14:45)
965,서울,피지컬컴퓨팅 제작실습,대학(전체)테크놀로지아트융합전공,임양규,"310관 B310호  금7,8,9"
966,서울,한국경제경영의이해(1),경영경제대학경영학부(서울),김화동,"310관 305호 <강의실> 금7,8,9"
967,서울,한국경제경영의이해(1),경영경제대학경영학부(서울),이창구,"310관 505호 <강의실> 월7,8,9"
968,서울,한국경제경영의이해(1),경영경제대학경영학부(서울),조태형,"310관 B602호 <대형강의실> 금7,8,9"
969,서울,한국경제경영의이해(1),경영경제대학경영학부(서울),손우식,"310관 305호 <강의실> 목4,5,6"
970,서울,한국경제경영의이해(1),경영경제대학경영학부(서울),손우식,"310관 B603호 <대형강의실> 금7,8,9"
971,서울,한국경제론,경영경제대학경제학부(서울),여미영,"310관 721호 <강의실> 수7,8,9"
972,서울,한국사,대학(전체),차인배,"310관 311호 <강의실> 월7,8"
973,서울,한국사,대학(전체),김선주,"310관 420호 <강의실> 화1,2"
974,서울,한국사,대학(전체),한미라,"310관 616호 <강의실> 화3,4"
975,서울,한국사,대학(전체),김선주,"310관 418호 <강의실> 화3,4"
976,서울,한국사,대학(전체),박우현,"310관 420호 <강의실> 화5,6"
977,서울,한국사,대학(전체),박우현,"310관 612호 <강의실> 화7,8"
978,서울,한국사,대학(전체),이혜영,"310관 418호 <강의실> 수1,2"
979,서울,한국사,대학(전체),김엘리,"310관 726호 <강의실> 수3,4"
980,서울,한국사,대학(전체),김상규,"310관 801호 <강의실> 수10,11"
981,서울,한국사,대학(전체),김인식,"310관 922호 <강의실> 목1,2"
982,서울,한국사,대학(전체),이선희,"310관 801호 <강의실> 목3,4"
983,서울,한국사,대학(전체),이혜영,"310관 922호 <강의실> 목3,4"
984,서울,한국사,대학(전체),이선희,"310관 819호 <강의실> 목7,8"
985,서울,한국사,대학(전체),김선주,"310관 727호 <강의실> 목7,8"
986,서울,한국사,대학(전체),은희녕,"310관 723호 <강의실> 금5,6"
987,서울,한국사,대학(전체),한미라,"310관 801호 <강의실> 토1,2"
988,서울,한국사,대학(전체),김선주,"310관 801호 <강의실> 토3,4"
989,서울,한국사,대학(전체),차인배,"310관 420호 <강의실> 화10,11"
990,서울,한국어바로알기(A BASIC COURSE IN KOREAN ORTHOGRAPHY),대학(전체),황희선,"310관 523호 <강의실> 목7,8,9"
991,서울,항공운송개론,경영경제대학국제물류 학과,폴린라이,310관 605호 <강의실> 화(10:30~11:45) / 목(10:30~11:45)
992,서울,항만공학및설계,공과대학사회기반시스템공학부,조원철,"310관 418호 <강의실> 화7,8,9"
993,서울,해상운송론,경영경제대학국제물류 학과,박근식,"310관 420호 (월13:30~14:45, 수13:30~14:45)"
994,서울,행정통계분석,사회과학대학공공인재학부,홍준현,"310관 908호 (월1,2,3)"
995,서울,행태재무론,경영경제대학경영학부(서울),여은정,310관 603호 <강의실> 월(15:00~16:15) / 수(15:00~16:15)
996,서울,혁신경영전략,경영전문대학원CAU-Leader MBA,임성준,310관 903호 <첨단강의실> 월(19:00~20:15) / 월(20:30~21:45)
997,서울,현대미술비평,대학(전체),권현진,"310관 721호 <강의실> 월4,5,6"
998,서울,현대사회아동,대학(전체),이주리,"310관 803호 <강의실> 토8,9"
999,서울,현대사회아동,대학(전체),홍주란,"310관 804호 <강의실> 토8,9"
1000,서울,현대사회아동,대학(전체),이주리,"310관 803호 <강의실> 토10,11"
1001,서울,현대사회아동,대학(전체),홍주란,"310관 804호 <강의실> 토10,11"
1002,서울,현대사회와법,대학(전체),변용완,"310관 B602호 <대형강의실> 목4,5,6"
1003,서울,현대사회의쟁점,대학(전체),이상훈,"310관 B502호 <대형강의실> 금1,2,3"
1004,서울,현대사회의쟁점,대학(전체),오형석,"310관 B602호 <대형강의실> 금4,5,6"
1005,서울,협상과전략적의사결정,경영전문대학원CAU-Leader MBA,전병준,310관 903호 <첨단강의실> 토(12:00~13:15) / 토(13:30~14:45)
1006,서울,호스피탈리티 보안론,보안대학원산업융합보안학과,이승훈,310관 802호 <강의실> 토(14:30~15:50)
1007,서울,홍보관리론,경영경제대학광고홍보학과,성민정,310관 928호 <강의실> 월(13:30~14:45) / 수(13:30~14:45)
1008,서울,홍보캠페인사례,경영경제대학광고홍보학과,이혁,"310관 311호 <강의실> 화4,5,6"
1009,서울,홍보학개론,경영경제대학광고홍보학과,김현희,"310관 505호 <강의실> 화4,5,6"
1010,서울,화공기초설계,공과대학화학신소재공학부,우상혁,"310관 419호 <강의실> 화7,8 / 목7"
1011,서울,화공기초설계,공과대학화학신소재공학부,조창신,"310관 420호 <강의실> 화7,8 / 목7"
1012,서울,화공양론(1),공과대학화학신소재공학부,박주현,"310관 316호 <강의실> 월5,6 / 수6"
1013,서울,화공양론(1),공과대학화학신소재공학부,강은아,"310관 414호 <강의실> 월5,6 / 수6"
1014,서울,화공열역학,공과대학화학신소재공학부,안상현,"310관 316호 <강의실> 월3,4 / 수3"
1015,서울,화공열역학,공과대학화학신소재공학부,안상현,"310관 312호 <강의실> 월6 / 수5,6"
1016,서울,화공유체역학,공과대학화학신소재공학부,장석태,"310관 315호 <강의실> 화7,8 / 목7"
1017,서울,화공유체역학,공과대학화학신소재공학부,이평수,"310관 316호 <강의실> 화7,8 / 목7"
1018,서울,화물운송론,경영경제대학국제물류 학과,이충배,310관 412호 <강의실> 화(13:30~14:45) / 목(13:30~14:45)
1019,서울,화물운송론,경영경제대학국제물류 학과,셀리마틴,310관 605호 <강의실> 화(13:30~14:45) / 목(13:30~14:45)
1020,서울,화학공학특론I,대학원화학신소재공학과,김주헌,"310관 321호 (수10,11,12)"
1021,서울,확률및통계,소프트웨어대학소프트웨어학부,권준석,"310관 726호 (화2, 목1,2)"
1022,서울,확률및통계,소프트웨어대학소프트웨어학부,권준석,"310관 727호 <강의실> / 728호 <강의실> 화3,4 / 목3"
1023,서울,확률변수론,창의ICT공과대학전자전기공학부,강훈,"310관 616호 <강의실> / 723호 <강의실> 수3 / 월3,4"
1024,서울,확률변수론,창의ICT공과대학전자전기공학부,이정륜,"310관 616호 <강의실> / 723호 <강의실> 월4 / 수3,4"
1025,서울,확률변수론,창의ICT공과대학전자전기공학부,유성진,"207관(봅스트홀) 234호 <강의실> / 310관 616호 <강의실> 수1,2 / 월1"
1026,서울,확률변수론,창의ICT공과대학전자전기공학부,정진곤,"310관 617호 <강의실> 금2,3,4"
1027,서울,환경공학개론,공과대학사회기반시스템공학부,오재일,"310관 414호 <강의실> 목7,8,9"
1028,서울,환경과인간,대학(전체),김양지,"310관 412호 <강의실> 화7,8,9"
1029,서울,환경과인간,대학(전체),김양지,"310관 B502호 <대형강의실> 월4,5,6"
1030,서울,환경에너지융합요소설계,창의ICT공과대학융합공학부,백태종,"310관 729호 <강의실> 화1,2,3 / 목1,2,3"
1031,서울,회계학원론,경영경제대학경영학부(서울),나영,310관 921호 <강의실> 화(09:00~10:15) / 목(09:00~10:15)
1032,서울,회계학원론,경영경제대학경영학부(서울),박수연,"310관 612호 <강의실> 월1,2,3"
1033,서울,회계학원론,경영경제대학경영학부(서울),최국현,310관 920호 <강의실> 화(13:30~14:45) / 목(13:30~14:45)
1034,서울,회계학원론,경영경제대학경영학부(서울),최국현,310관 921호 <강의실> 화(16:30~17:45) / 목(16:30~17:45)
1035,서울,회계학원론,경영경제대학경영학부(서울),모경원,310관 310호 <강의실> 월(09:00~10:15) / 수(09:00~10:15)
1036,서울,회계학원론,경영경제대학경영학부(서울),김창수,310관 927호 <강의실> 화(15:00~16:15) / 목(15:00~16:15)
1037,서울,회계학원론,경영경제대학경영학부(서울),육지훈,"310관 311호 (월10:30~11:45, 수10:30~11:45)"
1038,서울,회계학원론,경영경제대학경영학부(서울),김보영,"310관 803호 (월10:30~11:45, 수10:30~11:45)"
1039,서울,회계학원론,경영경제대학경영학부(서울),김보영,310관 505호 <강의실> 화(15:00~16:15) / 목(15:00~16:15)
1040,서울,회계학원론,경영경제대학경영학부(서울),윤나영,"310관 611호 <강의실> 화4,5,6"
1041,서울,회계학원론,경영경제대학경영학부(서울),김연정,"310관 920호 <강의실> 월1,2,3"
1042,서울,회귀분석,경영경제대학응용통계학과,성병찬,310관 704호 <강의실> 화(13:30~14:45) / 목(13:30~14:45)
1043,서울,회귀분석,경영경제대학응용통계학과,김원국,310관 602호 <강의실> 월(13:30~14:45) / 수(13:30~14:45)
1044,서울,회로및시스템,공과대학에너지시스템 공학부,김문겸,310관 419호 <강의실> 월(13:30~14:45) / 수(13:30~14:45)
1045,서울,회로이론,창의ICT공과대학전자전기공학부,심귀보,"310관 613호 <강의실> / 617호 <강의실> 월3,4 / 수4"
1046,서울,회로이론,창의ICT공과대학전자전기공학부,김정필,"310관 616호 <강의실> 화5,6 / 목5"
1047,서울,회로이론,창의ICT공과대학전자전기공학부,권혁인,"310관 616호 <강의실> / 619호 <강의실> 수5 / 금5,6"
1048,서울,회로이론,창의ICT공과대학전자전기공학부,이우주,"310관 617호 <강의실> / 619호 <강의실> 금5,6 / 수5"
1049,서울,회로이론,공과대학에너지시스템 공학부,신종원,310관 420호 <강의실> 월(10:30~11:45) / 수(10:30~11:45)
